mask,n_lesions,mean_lesion_volume,total_volume,mean_radius
P10_T1_MASK_lesion1.nii.gz,7,46.0,322,2.870135093647542
P10_T1_MASK_lesion10.nii.gz,11,108.0909090909091,1189,4.45191909416968
P10_T1_MASK_lesion11.nii.gz,6,155.0,930,5.3918218714573305
P10_T1_MASK_lesion12.nii.gz,9,117.33333333333333,1056,4.749057813349156
P10_T1_MASK_lesion13.nii.gz,12,121.66666666666667,1460,4.9926347192148475
P10_T1_MASK_lesion14.nii.gz,4,55.75,223,3.0569069186624427
P10_T1_MASK_lesion15.nii.gz,8,99.375,795,3.9070526862236488
P10_T1_MASK_lesion16.nii.gz,9,115.55555555555556,1040,4.786698739221314
P10_T1_MASK_lesion17.nii.gz,6,111.0,666,4.3872934794799505
P10_T1_MASK_lesion18.nii.gz,8,121.375,971,4.853361731107753
P10_T1_MASK_lesion19.nii.gz,2,78.5,157,4.391711440400615
P10_T1_MASK_lesion2.nii.gz,7,46.0,322,2.8701350936475416
P10_T1_MASK_lesion20.nii.gz,8,51.0,408,3.285786887886357
P10_T1_MASK_lesion21.nii.gz,7,58.285714285714285,408,3.106077944924647
P10_T1_MASK_lesion22.nii.gz,4,68.0,272,3.75127365044111
P10_T1_MASK_lesion23.nii.gz,3,64.33333333333333,193,3.2652779218606596
P10_T1_MASK_lesion24.nii.gz,4,117.0,468,5.132993036038755
P10_T1_MASK_lesion25.nii.gz,7,70.0,490,4.200039651785004
P10_T1_MASK_lesion26.nii.gz,10,75.7,757,4.263104376999739
P10_T1_MASK_lesion27.nii.gz,9,57.333333333333336,516,3.4205112678276697
P10_T1_MASK_lesion28.nii.gz,9,81.66666666666667,735,4.239178967024709
P10_T1_MASK_lesion29.nii.gz,10,77.4,774,4.06676541992642
P10_T1_MASK_lesion3.nii.gz,6,49.166666666666664,295,3.0240202857751837
P10_T1_MASK_lesion30.nii.gz,10,77.4,774,4.066765419926419
P10_T1_MASK_lesion31.nii.gz,9,69.22222222222223,623,4.026635068915108
P10_T1_MASK_lesion32.nii.gz,1,52.0,52,3.2282499334989665
P10_T1_MASK_lesion33.nii.gz,9,81.22222222222223,731,4.333977836220842
P10_T1_MASK_lesion34.nii.gz,4,90.0,360,4.807379865975278
P10_T1_MASK_lesion35.nii.gz,6,61.833333333333336,371,3.2424109258582754
P10_T1_MASK_lesion4.nii.gz,8,126.125,1009,4.6518492324428555
P10_T1_MASK_lesion5.nii.gz,8,47.625,381,2.9825591517558756
P10_T1_MASK_lesion6.nii.gz,4,35.75,143,2.6333026459011353
P10_T1_MASK_lesion7.nii.gz,10,104.5,1045,4.303421702978339
P10_T1_MASK_lesion8.nii.gz,10,63.9,639,3.4641666569829765
P10_T1_MASK_lesion9.nii.gz,9,77.44444444444444,697,3.860459063001127
P11_T1_MASK_lesion1.nii.gz,2,68.0,136,4.512548269005979
P11_T1_MASK_lesion10.nii.gz,4,380.75,1523,4.930030065447589
P11_T1_MASK_lesion11.nii.gz,2,103.0,206,4.884656364113764
P11_T1_MASK_lesion12.nii.gz,5,328.8,1644,5.085903677631615
P11_T1_MASK_lesion13.nii.gz,4,380.75,1523,4.930030065447589
P11_T1_MASK_lesion14.nii.gz,3,211.0,633,3.6278257814900345
P11_T1_MASK_lesion15.nii.gz,1,44.0,44,2.7892577288027636
P11_T1_MASK_lesion2.nii.gz,4,311.75,1247,7.346346663299024
P11_T1_MASK_lesion3.nii.gz,3,69.66666666666667,209,4.290879392119296
P11_T1_MASK_lesion4.nii.gz,4,311.75,1247,7.346346663299025
P11_T1_MASK_lesion5.nii.gz,2,524.0,1048,9.297127529762331
P11_T1_MASK_lesion6.nii.gz,2,345.5,691,8.418545748061925
P11_T1_MASK_lesion7.nii.gz,1,454.0,454,10.031155255660362
P11_T1_MASK_lesion8.nii.gz,1,261.0,261,11.788066012523636
P11_T1_MASK_lesion9.nii.gz,2,103.0,206,4.884656364113765
P12_T1_MASK_lesion1.nii.gz,4,60.25,241,3.9610047758427234
P12_T1_MASK_lesion10.nii.gz,4,37.5,150,2.59719410978017
P12_T1_MASK_lesion11.nii.gz,4,37.5,150,2.597194109780169
P12_T1_MASK_lesion12.nii.gz,4,37.5,150,2.59719410978017
P12_T1_MASK_lesion13.nii.gz,2,104.0,208,5.630311494728295
P12_T1_MASK_lesion14.nii.gz,1,37.0,37,2.445908615513248
P12_T1_MASK_lesion15.nii.gz,1,156.0,156,9.93171541435131
P12_T1_MASK_lesion17.nii.gz,1,14.0,14,1.769930241909123
P12_T1_MASK_lesion19.nii.gz,4,24.0,96,2.1925630422422704
P12_T1_MASK_lesion21.nii.gz,5,92.4,462,4.591467604210033
P12_T1_MASK_lesion22.nii.gz,1,5.0,5,1.1832159566199238
P12_T1_MASK_lesion23.nii.gz,6,77.16666666666667,463,3.8262230035083604
P12_T1_MASK_lesion24.nii.gz,4,93.25,373,4.565691399747135
P12_T1_MASK_lesion25.nii.gz,5,21.0,105,2.088123686646548
P12_T1_MASK_lesion26.nii.gz,6,77.16666666666667,463,3.8262230035083604
P12_T1_MASK_lesion27.nii.gz,4,26.0,104,2.6101546083081844
P12_T1_MASK_lesion28.nii.gz,6,50.666666666666664,304,3.078009178640608
P12_T1_MASK_lesion29.nii.gz,6,89.16666666666667,535,4.577273707459223
P12_T1_MASK_lesion3.nii.gz,3,50.333333333333336,151,3.6519205227933393
P12_T1_MASK_lesion30.nii.gz,4,112.5,450,5.108911550997474
P12_T1_MASK_lesion31.nii.gz,8,58.25,466,2.96340281320572
P12_T1_MASK_lesion32.nii.gz,8,78.5,628,3.554882737475043
P12_T1_MASK_lesion33.nii.gz,5,80.8,404,3.454876661288894
P12_T1_MASK_lesion34.nii.gz,4,163.0,652,6.511626984869677
P12_T1_MASK_lesion35.nii.gz,2,15.0,30,1.8326288495438947
P12_T1_MASK_lesion36.nii.gz,4,100.75,403,4.318595826611118
P12_T1_MASK_lesion4.nii.gz,3,52.333333333333336,157,3.7366240866394573
P12_T1_MASK_lesion5.nii.gz,3,53.0,159,3.55998207146954
P12_T1_MASK_lesion6.nii.gz,3,50.333333333333336,151,3.6519205227933393
P12_T1_MASK_lesion7.nii.gz,2,34.5,69,2.895844339708874
P12_T1_MASK_lesion8.nii.gz,2,60.5,121,5.210835576903972
P12_T1_MASK_lesion9.nii.gz,5,49.8,249,3.4304551656588047
P13_T1_MASK_lesion1.nii.gz,1,182.0,182,7.485420357776632
P13_T1_MASK_lesion10.nii.gz,1,117.0,117,5.057063520036735
P13_T1_MASK_lesion11.nii.gz,4,73.0,292,3.23832115252887
P13_T1_MASK_lesion12.nii.gz,3,361.6666666666667,1085,7.390407557399491
P13_T1_MASK_lesion13.nii.gz,2,350.0,700,6.0537390388364845
P13_T1_MASK_lesion14.nii.gz,2,303.5,607,10.817707672289007
P13_T1_MASK_lesion15.nii.gz,6,85.83333333333333,515,4.000478862973826
P13_T1_MASK_lesion16.nii.gz,6,85.83333333333333,515,4.000478862973826
P13_T1_MASK_lesion17.nii.gz,6,204.5,1227,5.358843419690376
P13_T1_MASK_lesion18.nii.gz,3,54.0,162,3.488172755397669
P13_T1_MASK_lesion19.nii.gz,4,82.75,331,4.068251545423297
P13_T1_MASK_lesion2.nii.gz,3,165.66666666666666,497,7.1736753400485895
P13_T1_MASK_lesion20.nii.gz,1,74.0,74,3.721126976490369
P13_T1_MASK_lesion21.nii.gz,1,68.0,68,3.485821503905992
P13_T1_MASK_lesion22.nii.gz,2,49.0,98,4.01025918175506
P13_T1_MASK_lesion23.nii.gz,3,50.0,150,4.349638021098148
P13_T1_MASK_lesion24.nii.gz,2,377.0,754,8.569675231755685
P13_T1_MASK_lesion25.nii.gz,4,61.5,246,3.793299803280935
P13_T1_MASK_lesion26.nii.gz,3,266.3333333333333,799,6.651550855194157
P13_T1_MASK_lesion27.nii.gz,3,89.66666666666667,269,4.496687164827336
P13_T1_MASK_lesion28.nii.gz,5,199.6,998,6.22375199425034
P13_T1_MASK_lesion29.nii.gz,4,242.25,969,6.919476472323771
P13_T1_MASK_lesion3.nii.gz,3,147.0,441,5.805314427955789
P13_T1_MASK_lesion30.nii.gz,2,79.5,159,3.7783167389379333
P13_T1_MASK_lesion31.nii.gz,4,61.5,246,3.7932998032809353
P13_T1_MASK_lesion32.nii.gz,4,61.5,246,3.793299803280936
P13_T1_MASK_lesion33.nii.gz,6,284.6666666666667,1708,7.425953074219177
P13_T1_MASK_lesion34.nii.gz,3,203.66666666666666,611,5.5320666838263906
P13_T1_MASK_lesion35.nii.gz,6,105.0,630,4.528800493357735
P13_T1_MASK_lesion36.nii.gz,4,116.5,466,4.533300200834292
P13_T1_MASK_lesion37.nii.gz,3,81.0,243,3.425001463144769
P13_T1_MASK_lesion38.nii.gz,3,81.0,243,3.42500146314477
P13_T1_MASK_lesion39.nii.gz,3,81.0,243,3.4250014631447683
P13_T1_MASK_lesion4.nii.gz,5,137.0,685,5.69504316097122
P13_T1_MASK_lesion5.nii.gz,3,314.0,942,10.94269624314097
P13_T1_MASK_lesion8.nii.gz,2,80.0,160,4.372915791033324
P13_T1_MASK_lesion9.nii.gz,5,79.0,395,3.6862397033276038
P14_T1_MASK_lesion10.nii.gz,2,224.0,448,5.869250594085698
P14_T1_MASK_lesion12.nii.gz,2,89.5,179,3.5824737244628713
P14_T1_MASK_lesion13.nii.gz,2,79.5,159,3.3287444717538275
P14_T1_MASK_lesion14.nii.gz,4,66.75,267,3.2064825627002267
P14_T1_MASK_lesion15.nii.gz,2,155.0,310,4.33528837139929
P14_T1_MASK_lesion16.nii.gz,2,103.5,207,4.28840717930444
P14_T1_MASK_lesion17.nii.gz,2,155.0,310,4.335288371399291
P14_T1_MASK_lesion2.nii.gz,1,32.0,32,2.1213203435596424
P14_T1_MASK_lesion3.nii.gz,1,2.0,2,0.5
P14_T1_MASK_lesion4.nii.gz,1,462.0,462,7.809720879920082
P14_T1_MASK_lesion5.nii.gz,3,235.33333333333334,706,5.341662909340062
P14_T1_MASK_lesion6.nii.gz,2,309.0,618,6.067353140302857
P14_T1_MASK_lesion7.nii.gz,2,329.5,659,6.316327941108625
P14_T1_MASK_lesion9.nii.gz,3,162.66666666666666,488,4.705596128992151
P15_T1_MASK_lesion1.nii.gz,1,378.0,378,14.388239293644146
P15_T1_MASK_lesion2.nii.gz,1,379.0,379,8.966637939056723
P15_T1_MASK_lesion3.nii.gz,2,301.5,603,8.100756178444342
P15_T1_MASK_lesion4.nii.gz,2,301.5,603,8.100756178444342
P15_T1_MASK_lesion5.nii.gz,2,301.5,603,8.100756178444344
P15_T1_MASK_lesion6.nii.gz,1,375.0,375,8.87612848537519
P16_T1_MASK_lesion1.nii.gz,1,27.0,27,1.9390577944753218
P16_T1_MASK_lesion2.nii.gz,2,139.5,279,4.388502110713764
P16_T1_MASK_lesion3.nii.gz,1,387.0,387,6.453966222450666
P16_T1_MASK_lesion4.nii.gz,1,126.0,126,4.469275870626039
P17_T1_MASK_lesion1.nii.gz,1,60.0,60,3.1547142853548924
P17_T1_MASK_lesion10.nii.gz,6,84.5,507,3.734147619825441
P17_T1_MASK_lesion11.nii.gz,6,84.5,507,3.734147619825442
P17_T1_MASK_lesion2.nii.gz,3,80.0,240,5.1549521534663745
P17_T1_MASK_lesion3.nii.gz,1,886.0,886,15.327510620517375
P17_T1_MASK_lesion4.nii.gz,3,80.0,240,5.1549521534663745
P17_T1_MASK_lesion5.nii.gz,3,80.0,240,5.1549521534663745
P17_T1_MASK_lesion6.nii.gz,5,74.2,371,3.6411540861372584
P17_T1_MASK_lesion7.nii.gz,5,74.2,371,3.6411540861372584
P17_T1_MASK_lesion8.nii.gz,5,74.2,371,3.641154086137258
P17_T1_MASK_lesion9.nii.gz,3,110.0,330,3.965258747520657
P18_T1_MASK_lesion1.nii.gz,1,557.0,557,9.944070651732291
P18_T1_MASK_lesion2.nii.gz,1,89.0,89,4.701116076218018
P18_T1_MASK_lesion3.nii.gz,1,124.0,124,4.741962914118601
P19_T1_MASK_lesion10.nii.gz,4,114.75,459,4.290277078645284
P19_T1_MASK_lesion11.nii.gz,8,76.875,615,4.531840037279714
P19_T1_MASK_lesion12.nii.gz,4,153.25,613,5.361970846365047
P19_T1_MASK_lesion13.nii.gz,5,137.6,688,5.011484846417474
P19_T1_MASK_lesion14.nii.gz,8,47.375,379,2.732224074151408
P19_T1_MASK_lesion15.nii.gz,6,51.166666666666664,307,2.787056727125467
P19_T1_MASK_lesion16.nii.gz,4,47.0,188,2.563616455968071
P19_T1_MASK_lesion17.nii.gz,8,283.0,2264,6.998763920239647
P19_T1_MASK_lesion18.nii.gz,3,63.0,189,3.4477176869447574
P19_T1_MASK_lesion19.nii.gz,7,40.57142857142857,284,2.48086439211986
P19_T1_MASK_lesion2.nii.gz,6,70.16666666666667,421,4.893194699616736
P19_T1_MASK_lesion20.nii.gz,6,35.833333333333336,215,2.386124408709283
P19_T1_MASK_lesion21.nii.gz,7,53.57142857142857,375,3.147367811238151
P19_T1_MASK_lesion22.nii.gz,6,157.66666666666666,946,5.365573657571855
P19_T1_MASK_lesion23.nii.gz,7,53.57142857142857,375,3.147367811238151
P19_T1_MASK_lesion25.nii.gz,9,49.111111111111114,442,2.9276549305586745
P19_T1_MASK_lesion26.nii.gz,1,198.0,198,4.7634483046471505
P19_T1_MASK_lesion27.nii.gz,2,243.5,487,7.516166815424997
P19_T1_MASK_lesion28.nii.gz,2,74.0,148,4.012975761976782
P19_T1_MASK_lesion29.nii.gz,3,9.0,27,1.5550745744739842
P19_T1_MASK_lesion3.nii.gz,2,131.5,263,8.832706987578664
P19_T1_MASK_lesion30.nii.gz,1,200.0,200,7.387254226030129
P19_T1_MASK_lesion31.nii.gz,1,41.0,41,3.416114661617876
P19_T1_MASK_lesion32.nii.gz,4,59.25,237,2.930989837549108
P19_T1_MASK_lesion35.nii.gz,4,57.75,231,3.0472594282828473
P19_T1_MASK_lesion36.nii.gz,4,49.25,197,2.893967978324599
P19_T1_MASK_lesion37.nii.gz,5,55.0,275,2.7548589754726622
P19_T1_MASK_lesion38.nii.gz,5,65.6,328,3.2800421442918393
P19_T1_MASK_lesion39.nii.gz,4,67.5,270,3.1935737193408276
P19_T1_MASK_lesion4.nii.gz,1,40.0,40,2.345207879911715
P19_T1_MASK_lesion41.nii.gz,10,60.5,605,3.1684910872366783
P19_T1_MASK_lesion42.nii.gz,5,43.0,215,2.7691010096778017
P19_T1_MASK_lesion43.nii.gz,10,69.1,691,3.351958377136172
P19_T1_MASK_lesion44.nii.gz,8,72.0,576,3.4370168648391877
P19_T1_MASK_lesion45.nii.gz,4,49.25,197,2.8939679783245986
P19_T1_MASK_lesion46.nii.gz,5,232.4,1162,6.750726790140978
P19_T1_MASK_lesion47.nii.gz,11,64.18181818181819,706,3.4616532271996077
P19_T1_MASK_lesion48.nii.gz,6,41.333333333333336,248,2.7454079103921045
P19_T1_MASK_lesion49.nii.gz,8,339.25,2714,5.283234012750504
P19_T1_MASK_lesion5.nii.gz,6,96.5,579,5.2224064274217
P19_T1_MASK_lesion50.nii.gz,13,238.0,3094,4.566624343782156
P19_T1_MASK_lesion51.nii.gz,9,74.0,666,3.3652607955753844
P19_T1_MASK_lesion52.nii.gz,6,658.3333333333334,3950,7.355185251502443
P19_T1_MASK_lesion53.nii.gz,14,64.07142857142857,897,3.4401964922184516
P19_T1_MASK_lesion54.nii.gz,8,79.0,632,3.5337650391475686
P19_T1_MASK_lesion55.nii.gz,5,61.4,307,3.2634450169561218
P19_T1_MASK_lesion56.nii.gz,10,56.5,565,3.4451733913790674
P19_T1_MASK_lesion57.nii.gz,10,73.0,730,3.979249452374895
P19_T1_MASK_lesion58.nii.gz,7,74.14285714285714,519,4.072323489594392
P19_T1_MASK_lesion59.nii.gz,6,69.5,417,4.070202676991939
P19_T1_MASK_lesion60.nii.gz,4,26.25,105,2.2755792375432393
P19_T1_MASK_lesion61.nii.gz,7,39.285714285714285,275,3.0501769877310076
P19_T1_MASK_lesion7.nii.gz,2,81.5,163,4.060011452215718
P19_T1_MASK_lesion8.nii.gz,3,93.33333333333333,280,3.897684343162052
P19_T1_MASK_lesion9.nii.gz,7,84.42857142857143,591,4.846977048868413
P1_T1_MASK_lesion10.nii.gz,4,372.5,1490,6.7684625611003
P1_T1_MASK_lesion11.nii.gz,4,370.0,1480,6.744793389770976
P1_T1_MASK_lesion13.nii.gz,1,72.0,72,4.25800353872592
P1_T1_MASK_lesion15.nii.gz,1,123.0,123,3.749527918816765
P1_T1_MASK_lesion16.nii.gz,1,93.0,93,4.0851866719313294
P1_T1_MASK_lesion17.nii.gz,1,58.0,58,3.2686399517786984
P1_T1_MASK_lesion18.nii.gz,1,16.0,16,1.5103807466993215
P1_T1_MASK_lesion2.nii.gz,4,59.75,239,3.183961231132675
P1_T1_MASK_lesion3.nii.gz,1,39.0,39,4.433525377341589
P1_T1_MASK_lesion4.nii.gz,4,59.75,239,3.183961231132675
P1_T1_MASK_lesion5.nii.gz,4,59.75,239,3.183961231132675
P1_T1_MASK_lesion6.nii.gz,2,121.0,242,4.529274227051384
P1_T1_MASK_lesion7.nii.gz,4,59.75,239,3.1839612311326757
P1_T1_MASK_lesion8.nii.gz,3,139.0,417,4.864510851136905
P1_T1_MASK_lesion9.nii.gz,2,212.5,425,9.176796816555235
P20_T1_MASK_lesion1.nii.gz,1,98.0,98,5.6756529346765126
P20_T1_MASK_lesion2.nii.gz,1,141.0,141,4.410372517734057
P20_T1_MASK_lesion3.nii.gz,1,162.0,162,5.844665327260816
P20_T1_MASK_lesion4.nii.gz,1,42.0,42,2.764469252755962
P20_T1_MASK_lesion5.nii.gz,1,58.0,58,3.301037562539762
P20_T1_MASK_lesion6.nii.gz,2,99.0,198,5.730139227986207
P20_T1_MASK_lesion7.nii.gz,2,99.0,198,5.730139227986205
P20_T1_MASK_lesion8.nii.gz,1,45.0,45,2.8347926525084786
P21_T1_MASK_lesion1.nii.gz,2,381.0,762,6.417980615461609
P21_T1_MASK_lesion10.nii.gz,1,232.0,232,6.544829630100331
P21_T1_MASK_lesion11.nii.gz,1,36.0,36,2.261459159671959
P21_T1_MASK_lesion12.nii.gz,2,154.5,309,7.11527199025207
P21_T1_MASK_lesion13.nii.gz,2,154.5,309,7.1152719902520705
P21_T1_MASK_lesion3.nii.gz,3,269.0,807,5.147249254719484
P21_T1_MASK_lesion4.nii.gz,2,95.0,190,4.046416200154852
P21_T1_MASK_lesion5.nii.gz,3,284.0,852,6.177881214349178
P21_T1_MASK_lesion6.nii.gz,3,776.6666666666666,2330,8.285578828817746
P21_T1_MASK_lesion7.nii.gz,1,199.0,199,4.95982954275696
P21_T1_MASK_lesion8.nii.gz,2,95.0,190,4.046416200154851
P21_T1_MASK_lesion9.nii.gz,1,144.0,144,4.981877845479953
P22_T1_MASK_lesion1.nii.gz,6,60.166666666666664,361,3.6189345867321876
P22_T1_MASK_lesion10.nii.gz,2,67.0,134,3.2600641967270167
P22_T1_MASK_lesion11.nii.gz,3,68.0,204,3.4374084795419138
P22_T1_MASK_lesion12.nii.gz,2,71.5,143,3.3824800340739336
P22_T1_MASK_lesion13.nii.gz,3,112.66666666666667,338,4.64192819753529
P22_T1_MASK_lesion14.nii.gz,5,99.6,498,4.195497871726191
P22_T1_MASK_lesion15.nii.gz,5,120.8,604,4.596625045417954
P22_T1_MASK_lesion16.nii.gz,6,169.83333333333334,1019,6.114301829456292
P22_T1_MASK_lesion17.nii.gz,6,104.33333333333333,626,4.6298342291208785
P22_T1_MASK_lesion18.nii.gz,5,120.8,604,4.596625045417954
P22_T1_MASK_lesion19.nii.gz,6,168.83333333333334,1013,6.0749231124959495
P22_T1_MASK_lesion2.nii.gz,4,58.25,233,4.007833398586077
P22_T1_MASK_lesion20.nii.gz,5,186.6,933,6.67740773499514
P22_T1_MASK_lesion21.nii.gz,3,216.33333333333334,649,7.7497886769722975
P22_T1_MASK_lesion3.nii.gz,5,71.4,357,4.042721504078624
P22_T1_MASK_lesion5.nii.gz,6,60.166666666666664,361,3.6189345867321876
P22_T1_MASK_lesion6.nii.gz,4,247.5,990,7.41761606134895
P22_T1_MASK_lesion7.nii.gz,5,58.4,292,3.0504450098421243
P22_T1_MASK_lesion8.nii.gz,3,189.33333333333334,568,4.715831283062567
P22_T1_MASK_lesion9.nii.gz,1,33.0,33,2.122294096350682
P23_T1_MASK_lesion10.nii.gz,1,146.0,146,5.366376069434228
P23_T1_MASK_lesion12.nii.gz,3,109.0,327,3.7865109869600424
P23_T1_MASK_lesion13.nii.gz,2,36.0,72,2.495748179250826
P23_T1_MASK_lesion14.nii.gz,1,68.0,68,3.9509043684604297
P23_T1_MASK_lesion15.nii.gz,3,136.33333333333334,409,4.118796622485201
P23_T1_MASK_lesion16.nii.gz,2,36.0,72,2.4957481792508234
P23_T1_MASK_lesion17.nii.gz,2,146.5,293,4.300075677106662
P23_T1_MASK_lesion18.nii.gz,2,89.5,179,3.5958003444473805
P23_T1_MASK_lesion19.nii.gz,2,1099.5,2199,9.676495952785396
P23_T1_MASK_lesion2.nii.gz,2,34.0,68,2.371872285349397
P23_T1_MASK_lesion20.nii.gz,1,189.0,189,6.05762803140099
P23_T1_MASK_lesion3.nii.gz,4,519.25,2077,5.615252382870824
P23_T1_MASK_lesion5.nii.gz,2,96.0,192,6.355756825292742
P23_T1_MASK_lesion6.nii.gz,3,683.6666666666666,2051,6.612854770303109
P23_T1_MASK_lesion7.nii.gz,1,312.0,312,7.764393804025155
P23_T1_MASK_lesion8.nii.gz,2,96.0,192,6.355756825292743
P24_T1_MASK_lesion1.nii.gz,4,134.5,538,4.987403907846243
P24_T1_MASK_lesion10.nii.gz,8,150.5,1204,4.564358447209638
P24_T1_MASK_lesion11.nii.gz,9,212.88888888888889,1916,5.539520274069836
P24_T1_MASK_lesion12.nii.gz,6,197.5,1185,4.685369183409391
P24_T1_MASK_lesion13.nii.gz,8,132.375,1059,4.622066486341225
P24_T1_MASK_lesion14.nii.gz,10,163.0,1630,4.790871769866948
P24_T1_MASK_lesion15.nii.gz,9,205.66666666666666,1851,5.264259035794107
P24_T1_MASK_lesion16.nii.gz,4,198.75,795,5.237663861998247
P24_T1_MASK_lesion17.nii.gz,3,183.0,549,5.979760871841066
P24_T1_MASK_lesion18.nii.gz,9,212.33333333333334,1911,5.540757140140304
P24_T1_MASK_lesion19.nii.gz,8,173.375,1387,5.131745029763236
P24_T1_MASK_lesion2.nii.gz,2,177.5,355,5.72160219164649
P24_T1_MASK_lesion20.nii.gz,8,146.625,1173,5.0589574284694
P24_T1_MASK_lesion21.nii.gz,4,96.25,385,3.9140058634538653
P24_T1_MASK_lesion22.nii.gz,9,131.55555555555554,1184,4.7130221036802
P24_T1_MASK_lesion23.nii.gz,5,113.0,565,4.675257002044396
P24_T1_MASK_lesion24.nii.gz,3,62.666666666666664,188,3.488543939948191
P24_T1_MASK_lesion25.nii.gz,3,84.33333333333333,253,4.134660139085192
P24_T1_MASK_lesion26.nii.gz,6,92.66666666666667,556,4.690296107514276
P24_T1_MASK_lesion27.nii.gz,5,45.2,226,3.2402047049811933
P24_T1_MASK_lesion28.nii.gz,5,45.2,226,3.240204704981193
P24_T1_MASK_lesion29.nii.gz,5,106.0,530,4.851698862957531
P24_T1_MASK_lesion3.nii.gz,4,114.0,456,4.602502243465409
P24_T1_MASK_lesion30.nii.gz,3,96.0,288,4.696478118270542
P24_T1_MASK_lesion31.nii.gz,8,89.5,716,4.560550471832096
P24_T1_MASK_lesion32.nii.gz,8,109.75,878,4.650779672216041
P24_T1_MASK_lesion34.nii.gz,4,229.75,919,7.4160941383163195
P24_T1_MASK_lesion35.nii.gz,5,218.4,1092,6.72120661190051
P24_T1_MASK_lesion36.nii.gz,8,109.75,878,4.650779672216041
P24_T1_MASK_lesion37.nii.gz,10,162.3,1623,5.636268462783297
P24_T1_MASK_lesion38.nii.gz,11,98.27272727272727,1081,4.645189133703519
P24_T1_MASK_lesion39.nii.gz,7,274.42857142857144,1921,8.146356451116334
P24_T1_MASK_lesion4.nii.gz,3,185.66666666666666,557,6.187758254349791
P24_T1_MASK_lesion40.nii.gz,9,122.11111111111111,1099,4.83156767876374
P24_T1_MASK_lesion41.nii.gz,5,77.2,386,4.078023529278092
P24_T1_MASK_lesion43.nii.gz,11,216.8181818181818,2385,6.934364912832862
P24_T1_MASK_lesion44.nii.gz,11,94.45454545454545,1039,4.002269097524211
P24_T1_MASK_lesion45.nii.gz,9,123.22222222222223,1109,4.786201594129269
P24_T1_MASK_lesion46.nii.gz,2,53.0,106,3.2952018950371613
P24_T1_MASK_lesion47.nii.gz,8,133.125,1065,5.0773956771028885
P24_T1_MASK_lesion48.nii.gz,6,48.666666666666664,292,2.826895545051834
P24_T1_MASK_lesion49.nii.gz,5,46.0,230,2.5655236821153973
P24_T1_MASK_lesion5.nii.gz,4,132.25,529,4.355635780624048
P24_T1_MASK_lesion50.nii.gz,9,97.44444444444444,877,4.065932115637394
P24_T1_MASK_lesion51.nii.gz,7,65.85714285714286,461,3.2448570773108587
P24_T1_MASK_lesion52.nii.gz,6,111.66666666666667,670,4.36612582807284
P24_T1_MASK_lesion53.nii.gz,3,75.66666666666667,227,4.004555114882823
P24_T1_MASK_lesion54.nii.gz,5,110.6,553,4.375907615625698
P24_T1_MASK_lesion55.nii.gz,3,73.0,219,3.2926730341951296
P24_T1_MASK_lesion56.nii.gz,5,82.4,412,4.009123101701533
P24_T1_MASK_lesion57.nii.gz,2,69.0,138,3.669309240715206
P24_T1_MASK_lesion6.nii.gz,4,132.25,529,4.355635780624049
P24_T1_MASK_lesion7.nii.gz,2,239.5,479,7.04422831241421
P24_T1_MASK_lesion8.nii.gz,1,103.0,103,3.7705043163361944
P24_T1_MASK_lesion9.nii.gz,5,146.2,731,4.416591217192132
P25_T1_MASK_lesion1.nii.gz,1,620.0,620,11.266825318497856
P25_T1_MASK_lesion2.nii.gz,1,1020.0,1020,14.33474504193037
P25_T1_MASK_lesion3.nii.gz,1,134.0,134,4.028869421699899
P25_T1_MASK_lesion4.nii.gz,1,312.0,312,9.588154820057193
P25_T1_MASK_lesion5.nii.gz,1,64.0,64,3.2566788345260576
P25_T1_MASK_lesion6.nii.gz,1,315.0,315,6.004944632576763
P26_T1_MASK_lesion1.nii.gz,2,122.0,244,5.377774351324653
P26_T1_MASK_lesion10.nii.gz,5,219.8,1099,5.825342944473238
P26_T1_MASK_lesion11.nii.gz,2,109.0,218,3.6123916177941817
P26_T1_MASK_lesion12.nii.gz,2,23.5,47,2.0910305154881463
P26_T1_MASK_lesion13.nii.gz,6,269.1666666666667,1615,7.223610853909121
P26_T1_MASK_lesion14.nii.gz,4,103.5,414,4.1797312584439466
P26_T1_MASK_lesion15.nii.gz,3,82.66666666666667,248,3.182060427261906
P26_T1_MASK_lesion16.nii.gz,4,151.25,605,5.2725010853886385
P26_T1_MASK_lesion17.nii.gz,6,264.0,1584,7.128784328354365
P26_T1_MASK_lesion18.nii.gz,2,45.0,90,2.637980685853317
P26_T1_MASK_lesion19.nii.gz,3,155.0,465,5.383630119460503
P26_T1_MASK_lesion2.nii.gz,3,127.33333333333333,382,4.991042255050334
P26_T1_MASK_lesion20.nii.gz,2,23.5,47,2.0910305154881446
P26_T1_MASK_lesion21.nii.gz,3,109.33333333333333,328,4.026463383351618
P26_T1_MASK_lesion22.nii.gz,2,59.5,119,3.3196982750341557
P26_T1_MASK_lesion23.nii.gz,4,177.25,709,5.51024835319685
P26_T1_MASK_lesion24.nii.gz,2,87.0,174,4.333239950783828
P26_T1_MASK_lesion25.nii.gz,3,83.33333333333333,250,3.784334009587997
P26_T1_MASK_lesion26.nii.gz,5,122.2,611,4.584798795702893
P26_T1_MASK_lesion27.nii.gz,4,132.5,530,4.120981883309698
P26_T1_MASK_lesion28.nii.gz,1,74.0,74,4.713892403566633
P26_T1_MASK_lesion29.nii.gz,2,87.0,174,4.333239950783828
P26_T1_MASK_lesion3.nii.gz,5,266.0,1330,6.0920583477794015
P26_T1_MASK_lesion30.nii.gz,3,83.33333333333333,250,3.784334009587997
P26_T1_MASK_lesion31.nii.gz,6,138.0,828,4.752939336547777
P26_T1_MASK_lesion32.nii.gz,6,138.0,828,4.752939336547777
P26_T1_MASK_lesion33.nii.gz,4,132.5,530,4.120981883309698
P26_T1_MASK_lesion34.nii.gz,3,123.0,369,4.299014386433737
P26_T1_MASK_lesion35.nii.gz,8,198.75,1590,6.116890939807184
P26_T1_MASK_lesion36.nii.gz,4,132.5,530,4.120981883309698
P26_T1_MASK_lesion37.nii.gz,5,127.6,638,4.2661198418995046
P26_T1_MASK_lesion38.nii.gz,5,144.0,720,5.285526623461624
P26_T1_MASK_lesion39.nii.gz,5,262.0,1310,6.975866277750464
P26_T1_MASK_lesion4.nii.gz,2,195.5,391,5.076168325186863
P26_T1_MASK_lesion40.nii.gz,3,48.0,144,3.094966251108538
P26_T1_MASK_lesion41.nii.gz,3,60.333333333333336,181,3.0659512592585103
P26_T1_MASK_lesion42.nii.gz,2,54.5,109,3.2630824707148305
P26_T1_MASK_lesion43.nii.gz,2,80.5,161,3.5271293333764646
P26_T1_MASK_lesion5.nii.gz,5,223.6,1118,5.607437353115918
P26_T1_MASK_lesion6.nii.gz,7,115.28571428571429,807,5.1054226295143
P26_T1_MASK_lesion7.nii.gz,3,98.33333333333333,295,4.476353700862306
P26_T1_MASK_lesion8.nii.gz,6,101.83333333333333,611,5.072310533335751
P26_T1_MASK_lesion9.nii.gz,7,192.0,1344,5.686708019987172
P27_T1_MASK_lesion1.nii.gz,2,79.5,159,4.030475194816736
P27_T1_MASK_lesion10.nii.gz,3,47.0,141,2.9765096487970664
P27_T1_MASK_lesion11.nii.gz,1,181.0,181,6.997470403325754
P27_T1_MASK_lesion12.nii.gz,2,36.5,73,2.6717621680002077
P27_T1_MASK_lesion13.nii.gz,3,54.666666666666664,164,3.5604991583911887
P27_T1_MASK_lesion14.nii.gz,4,54.25,217,3.5267077691456965
P27_T1_MASK_lesion15.nii.gz,5,52.0,260,3.4574651851250997
P27_T1_MASK_lesion16.nii.gz,3,40.0,120,3.0573224884930243
P27_T1_MASK_lesion17.nii.gz,3,40.0,120,3.057322488493023
P27_T1_MASK_lesion18.nii.gz,4,68.0,272,4.459173490280106
P27_T1_MASK_lesion19.nii.gz,5,73.6,368,4.898244785857328
P27_T1_MASK_lesion2.nii.gz,6,59.166666666666664,355,3.5538187170467395
P27_T1_MASK_lesion20.nii.gz,5,73.6,368,4.898244785857328
P27_T1_MASK_lesion21.nii.gz,4,53.75,215,3.5456786084220067
P27_T1_MASK_lesion22.nii.gz,5,59.6,298,4.2195085889695205
P27_T1_MASK_lesion23.nii.gz,2,17.0,34,2.3804244918635877
P27_T1_MASK_lesion24.nii.gz,1,221.0,221,6.072356043039092
P27_T1_MASK_lesion25.nii.gz,1,33.0,33,3.1254751704856525
P27_T1_MASK_lesion3.nii.gz,4,46.75,187,2.8783168503786256
P27_T1_MASK_lesion4.nii.gz,8,56.0,448,3.385335182171353
P27_T1_MASK_lesion5.nii.gz,4,42.75,171,2.8838273818349167
P27_T1_MASK_lesion6.nii.gz,6,48.5,291,3.12407012427385
P27_T1_MASK_lesion7.nii.gz,2,30.5,61,2.5456651719658447
P27_T1_MASK_lesion8.nii.gz,7,48.714285714285715,341,3.1271730834583122
P27_T1_MASK_lesion9.nii.gz,6,48.5,291,3.124070124273851
P28_T1_MASK_lesion1.nii.gz,1,77.0,77,3.357387767700057
P28_T1_MASK_lesion2.nii.gz,1,113.0,113,5.433808477599039
P28_T1_MASK_lesion3.nii.gz,1,106.0,106,4.423260871693309
P28_T1_MASK_lesion4.nii.gz,2,86.0,172,4.005002057433749
P28_T1_MASK_lesion5.nii.gz,2,113.0,226,5.285910427837052
P28_T1_MASK_lesion6.nii.gz,2,86.0,172,4.005002057433749
P28_T1_MASK_lesion7.nii.gz,2,93.0,186,5.612017651213382
P28_T1_MASK_lesion8.nii.gz,3,118.0,354,5.2173075447940045
P29_T1_MASK_lesion1.nii.gz,1,62.0,62,3.4033404658868576
P29_T1_MASK_lesion10.nii.gz,6,53.166666666666664,319,3.4723096690130766
P29_T1_MASK_lesion11.nii.gz,6,46.833333333333336,281,3.5027784155637387
P29_T1_MASK_lesion12.nii.gz,9,54.111111111111114,487,3.5290304199657134
P29_T1_MASK_lesion13.nii.gz,9,58.44444444444444,526,3.5663753634773667
P29_T1_MASK_lesion14.nii.gz,9,58.44444444444444,526,3.5663753634773667
P29_T1_MASK_lesion15.nii.gz,10,58.0,580,3.5817204291978273
P29_T1_MASK_lesion16.nii.gz,10,58.0,580,3.5817204291978277
P29_T1_MASK_lesion17.nii.gz,8,56.75,454,3.39298732326404
P29_T1_MASK_lesion18.nii.gz,11,53.18181818181818,585,3.3573097922341266
P29_T1_MASK_lesion19.nii.gz,2,30.0,60,2.345438167464788
P29_T1_MASK_lesion2.nii.gz,1,58.0,58,3.328122165163781
P29_T1_MASK_lesion20.nii.gz,11,56.81818181818182,625,3.3147932187089073
P29_T1_MASK_lesion21.nii.gz,9,59.44444444444444,535,3.2976478656210584
P29_T1_MASK_lesion22.nii.gz,6,64.66666666666667,388,3.2691927245606833
P29_T1_MASK_lesion23.nii.gz,6,60.333333333333336,362,3.2001134052867974
P29_T1_MASK_lesion24.nii.gz,5,58.0,290,3.060057258021396
P29_T1_MASK_lesion25.nii.gz,2,109.0,218,4.873412252656073
P29_T1_MASK_lesion26.nii.gz,1,187.0,187,6.756499852518673
P29_T1_MASK_lesion27.nii.gz,2,109.0,218,4.873412252656075
P29_T1_MASK_lesion3.nii.gz,1,99.0,99,4.47213595499958
P29_T1_MASK_lesion4.nii.gz,4,56.25,225,3.3556927351173247
P29_T1_MASK_lesion5.nii.gz,3,56.333333333333336,169,3.3001734131893166
P29_T1_MASK_lesion6.nii.gz,1,84.0,84,3.3212365535893333
P29_T1_MASK_lesion7.nii.gz,2,40.0,80,2.847858796762752
P29_T1_MASK_lesion8.nii.gz,4,51.0,204,3.2067516340674054
P29_T1_MASK_lesion9.nii.gz,4,56.25,225,3.355692735117325
P2_T1_MASK_lesion1.nii.gz,3,60.666666666666664,182,4.258444545741751
P2_T1_MASK_lesion10.nii.gz,7,126.0,882,4.629892846454554
P2_T1_MASK_lesion11.nii.gz,4,148.25,593,4.136758809199487
P2_T1_MASK_lesion12.nii.gz,3,181.33333333333334,544,6.1539721363603475
P2_T1_MASK_lesion13.nii.gz,4,95.75,383,4.2617220688089565
P2_T1_MASK_lesion14.nii.gz,5,162.2,811,5.583735218769915
P2_T1_MASK_lesion15.nii.gz,5,128.2,641,4.200586820968085
P2_T1_MASK_lesion16.nii.gz,1,76.0,76,3.655030116477094
P2_T1_MASK_lesion2.nii.gz,2,282.0,564,5.376754325797329
P2_T1_MASK_lesion3.nii.gz,1,129.0,129,5.0559337612299515
P2_T1_MASK_lesion4.nii.gz,3,60.666666666666664,182,4.258444545741752
P2_T1_MASK_lesion5.nii.gz,2,282.0,564,5.376754325797329
P2_T1_MASK_lesion6.nii.gz,3,60.666666666666664,182,4.258444545741751
P2_T1_MASK_lesion7.nii.gz,6,140.33333333333334,842,4.7456919085319464
P2_T1_MASK_lesion8.nii.gz,6,105.33333333333333,632,4.524608108000664
P2_T1_MASK_lesion9.nii.gz,6,105.33333333333333,632,4.524608108000664
P30_T1_MASK_lesion1.nii.gz,1,83.0,83,4.805824597852231
P30_T1_MASK_lesion2.nii.gz,2,278.0,556,5.853722709572159
P30_T1_MASK_lesion3.nii.gz,2,278.0,556,5.85372270957216
P30_T1_MASK_lesion4.nii.gz,1,14.0,14,2.7893748842523753
P30_T1_MASK_lesion5.nii.gz,1,1351.0,1351,11.849112591584605
P30_T1_MASK_lesion6.nii.gz,1,109.0,109,5.80499104654061
P31_T1_MASK_lesion1.nii.gz,5,121.4,607,4.992445862946285
P31_T1_MASK_lesion10.nii.gz,2,42.5,85,2.8578492717716033
P31_T1_MASK_lesion11.nii.gz,6,146.33333333333334,878,5.155129482999752
P31_T1_MASK_lesion12.nii.gz,1,43.0,43,3.193252756873576
P31_T1_MASK_lesion13.nii.gz,4,190.0,760,6.439072201629103
P31_T1_MASK_lesion15.nii.gz,7,130.85714285714286,916,4.793737764466681
P31_T1_MASK_lesion16.nii.gz,4,201.25,805,6.378769268521798
P31_T1_MASK_lesion17.nii.gz,6,92.0,552,4.01920401858922
P31_T1_MASK_lesion18.nii.gz,3,306.6666666666667,920,7.239793635672894
P31_T1_MASK_lesion19.nii.gz,1,12.0,12,2.0069324297987152
P31_T1_MASK_lesion2.nii.gz,3,160.66666666666666,482,5.914469630506518
P31_T1_MASK_lesion20.nii.gz,5,221.2,1106,6.085240469924363
P31_T1_MASK_lesion21.nii.gz,1,226.0,226,5.974606574621716
P31_T1_MASK_lesion22.nii.gz,3,332.0,996,7.054749074210105
P31_T1_MASK_lesion23.nii.gz,2,408.5,817,7.930220322126331
P31_T1_MASK_lesion24.nii.gz,2,97.0,194,3.8416745090271434
P31_T1_MASK_lesion25.nii.gz,3,18.0,54,2.3656745625787194
P31_T1_MASK_lesion26.nii.gz,4,16.0,64,2.243963277635437
P31_T1_MASK_lesion27.nii.gz,4,17.5,70,2.4212573214886817
P31_T1_MASK_lesion28.nii.gz,3,68.0,204,3.1873928136199603
P31_T1_MASK_lesion29.nii.gz,4,16.0,64,2.2439632776354372
P31_T1_MASK_lesion3.nii.gz,4,81.25,325,3.8899553946165124
P31_T1_MASK_lesion4.nii.gz,5,86.8,434,4.398961696836272
P31_T1_MASK_lesion5.nii.gz,3,135.0,405,4.440439950067575
P31_T1_MASK_lesion6.nii.gz,4,81.25,325,3.8899553946165124
P31_T1_MASK_lesion7.nii.gz,5,92.0,460,4.364392660910072
P31_T1_MASK_lesion8.nii.gz,4,81.25,325,3.8899553946165124
P31_T1_MASK_lesion9.nii.gz,3,86.0,258,3.7274853745769048
P32_T1_MASK_lesion1.nii.gz,2,47.0,94,2.676453011010664
P32_T1_MASK_lesion10.nii.gz,2,70.0,140,5.29890558062665
P32_T1_MASK_lesion11.nii.gz,2,70.0,140,5.29890558062665
P32_T1_MASK_lesion12.nii.gz,1,196.0,196,9.037534819305673
P32_T1_MASK_lesion2.nii.gz,1,382.0,382,12.758310711117671
P32_T1_MASK_lesion3.nii.gz,2,47.0,94,2.676453011010664
P32_T1_MASK_lesion5.nii.gz,1,2.0,2,0.5
P32_T1_MASK_lesion6.nii.gz,2,165.5,331,6.904534527164717
P32_T1_MASK_lesion7.nii.gz,3,154.0,462,6.86376101622539
P32_T1_MASK_lesion8.nii.gz,4,81.25,325,4.633924378045335
P32_T1_MASK_lesion9.nii.gz,2,87.5,175,5.536969583563613
P33_T1_MASK_lesion1.nii.gz,1,85.0,85,4.909506349436339
P33_T1_MASK_lesion11.nii.gz,10,209.7,2097,6.702333391287409
P33_T1_MASK_lesion12.nii.gz,11,179.54545454545453,1975,5.743115766846216
P33_T1_MASK_lesion13.nii.gz,9,44.666666666666664,402,2.43707010830151
P33_T1_MASK_lesion14.nii.gz,4,20.0,80,2.022492876243876
P33_T1_MASK_lesion15.nii.gz,5,28.8,144,2.541330295811103
P33_T1_MASK_lesion16.nii.gz,8,78.75,630,3.6796155204412466
P33_T1_MASK_lesion17.nii.gz,1,7.0,7,1.7670452681218551
P33_T1_MASK_lesion18.nii.gz,11,192.36363636363637,2116,6.023148046475345
P33_T1_MASK_lesion19.nii.gz,10,71.1,711,3.1484621141622027
P33_T1_MASK_lesion2.nii.gz,2,15.5,31,2.1859459727166475
P33_T1_MASK_lesion20.nii.gz,10,71.1,711,3.1484621141622027
P33_T1_MASK_lesion21.nii.gz,8,48.75,390,2.4511554201520864
P33_T1_MASK_lesion22.nii.gz,2,71.5,143,4.360602701095556
P33_T1_MASK_lesion23.nii.gz,9,42.22222222222222,380,2.472090437522491
P33_T1_MASK_lesion24.nii.gz,5,53.2,266,2.647918550942528
P33_T1_MASK_lesion25.nii.gz,1,10.0,10,2.4166091947189137
P33_T1_MASK_lesion26.nii.gz,6,93.0,558,4.894904608306179
P33_T1_MASK_lesion27.nii.gz,5,15.8,79,1.9723627025667796
P33_T1_MASK_lesion28.nii.gz,3,18.333333333333332,55,2.0982940995468975
P33_T1_MASK_lesion29.nii.gz,6,27.5,165,2.1249224757103513
P33_T1_MASK_lesion3.nii.gz,6,25.166666666666668,151,2.334690331726974
P33_T1_MASK_lesion30.nii.gz,5,32.8,164,2.5499069708524216
P33_T1_MASK_lesion32.nii.gz,1,17.0,17,2.324087795898637
P33_T1_MASK_lesion33.nii.gz,4,113.75,455,5.813427847325736
P33_T1_MASK_lesion34.nii.gz,1,2.0,2,0.5
P33_T1_MASK_lesion35.nii.gz,5,109.6,548,5.513330402421016
P33_T1_MASK_lesion36.nii.gz,8,36.625,293,2.674591997898936
P33_T1_MASK_lesion37.nii.gz,7,77.0,539,4.214429253124912
P33_T1_MASK_lesion38.nii.gz,7,36.714285714285715,257,2.4257513870303575
P33_T1_MASK_lesion39.nii.gz,5,53.2,266,3.00918138988864
P33_T1_MASK_lesion4.nii.gz,6,77.5,465,3.745748781230248
P33_T1_MASK_lesion40.nii.gz,3,74.66666666666667,224,4.6696380504530195
P33_T1_MASK_lesion41.nii.gz,4,61.75,247,4.092997157044163
P33_T1_MASK_lesion42.nii.gz,3,74.66666666666667,224,4.669638050453018
P33_T1_MASK_lesion43.nii.gz,1,78.0,78,4.870411409504372
P33_T1_MASK_lesion44.nii.gz,1,89.0,89,3.7353763174275865
P33_T1_MASK_lesion5.nii.gz,5,27.8,139,2.36797467036378
P33_T1_MASK_lesion6.nii.gz,5,116.4,582,4.914481920957636
P33_T1_MASK_lesion7.nii.gz,5,27.8,139,2.36797467036378
P33_T1_MASK_lesion9.nii.gz,12,180.41666666666666,2165,5.903499622595319
P34_T1_MASK_lesion1.nii.gz,2,28.0,56,2.751655994067497
P34_T1_MASK_lesion10.nii.gz,8,90.625,725,4.574996384778533
P34_T1_MASK_lesion12.nii.gz,6,104.16666666666667,625,4.927624048861751
P34_T1_MASK_lesion13.nii.gz,6,85.83333333333333,515,4.58060122416531
P34_T1_MASK_lesion14.nii.gz,2,101.0,202,5.68161424310663
P34_T1_MASK_lesion15.nii.gz,6,165.33333333333334,992,6.063419494716048
P34_T1_MASK_lesion16.nii.gz,4,33.5,134,2.4344297973007123
P34_T1_MASK_lesion17.nii.gz,4,20.75,83,1.9933300130874518
P34_T1_MASK_lesion18.nii.gz,3,193.0,579,5.936769496354278
P34_T1_MASK_lesion19.nii.gz,4,20.75,83,1.9933300130874527
P34_T1_MASK_lesion2.nii.gz,2,28.0,56,2.7516559940674954
P34_T1_MASK_lesion20.nii.gz,7,111.85714285714286,783,4.784114050848637
P34_T1_MASK_lesion21.nii.gz,7,104.0,728,4.059815349091253
P34_T1_MASK_lesion22.nii.gz,2,68.5,137,4.248906208413539
P34_T1_MASK_lesion23.nii.gz,8,102.625,821,4.540417493536728
P34_T1_MASK_lesion24.nii.gz,3,52.666666666666664,158,3.653122428283052
P34_T1_MASK_lesion25.nii.gz,8,98.625,789,4.370693130101359
P34_T1_MASK_lesion26.nii.gz,5,66.8,334,4.02463538752945
P34_T1_MASK_lesion27.nii.gz,6,36.0,216,2.5397600533403577
P34_T1_MASK_lesion28.nii.gz,7,114.0,798,4.87869859452952
P34_T1_MASK_lesion29.nii.gz,5,36.8,184,2.5147276157711547
P34_T1_MASK_lesion3.nii.gz,3,78.0,234,3.672186798497463
P34_T1_MASK_lesion30.nii.gz,5,67.6,338,4.043279957858632
P34_T1_MASK_lesion31.nii.gz,5,67.6,338,4.043279957858632
P34_T1_MASK_lesion32.nii.gz,1,12.0,12,3.176519758757652
P34_T1_MASK_lesion4.nii.gz,4,66.0,264,3.327143880128798
P34_T1_MASK_lesion5.nii.gz,4,66.0,264,3.327143880128798
P34_T1_MASK_lesion6.nii.gz,1,29.0,29,2.966319057600908
P34_T1_MASK_lesion7.nii.gz,7,93.57142857142857,655,4.551108488313331
P34_T1_MASK_lesion8.nii.gz,6,104.16666666666667,625,4.927624048861751
P34_T1_MASK_lesion9.nii.gz,5,46.0,230,2.9534550883957733
P35_T1_MASK_lesion1.nii.gz,2,30.0,60,2.606615752832982
P35_T1_MASK_lesion10.nii.gz,2,22.5,45,2.553317554683222
P35_T1_MASK_lesion100.nii.gz,13,55.69230769230769,724,2.8865241306116833
P35_T1_MASK_lesion101.nii.gz,10,43.5,435,2.691746318678995
P35_T1_MASK_lesion102.nii.gz,8,41.625,333,2.55776680278201
P35_T1_MASK_lesion103.nii.gz,11,36.36363636363637,400,2.484695926144404
P35_T1_MASK_lesion104.nii.gz,12,51.416666666666664,617,2.8651899649987036
P35_T1_MASK_lesion105.nii.gz,9,44.55555555555556,401,2.625747630360914
P35_T1_MASK_lesion106.nii.gz,10,38.7,387,2.5464784249202044
P35_T1_MASK_lesion107.nii.gz,5,46.4,232,3.0895765095438184
P35_T1_MASK_lesion108.nii.gz,7,33.142857142857146,232,2.2415932564233603
P35_T1_MASK_lesion109.nii.gz,3,40.333333333333336,121,2.608417106071549
P35_T1_MASK_lesion11.nii.gz,6,40.833333333333336,245,2.4423083346793013
P35_T1_MASK_lesion12.nii.gz,6,124.16666666666667,745,4.3680718276437895
P35_T1_MASK_lesion13.nii.gz,7,27.714285714285715,194,2.2777961360515815
P35_T1_MASK_lesion14.nii.gz,9,96.55555555555556,869,3.872753436761079
P35_T1_MASK_lesion15.nii.gz,6,46.0,276,3.2304410483978323
P35_T1_MASK_lesion16.nii.gz,11,35.63636363636363,392,2.3050497905828355
P35_T1_MASK_lesion17.nii.gz,9,94.33333333333333,849,3.8169549500163344
P35_T1_MASK_lesion18.nii.gz,10,133.6,1336,4.441828980161172
P35_T1_MASK_lesion19.nii.gz,10,80.6,806,3.2768731391828347
P35_T1_MASK_lesion2.nii.gz,3,45.0,135,3.514682526092077
P35_T1_MASK_lesion21.nii.gz,14,114.92857142857143,1609,3.9512253204447316
P35_T1_MASK_lesion22.nii.gz,6,51.666666666666664,310,3.4827273763713964
P35_T1_MASK_lesion23.nii.gz,3,236.0,708,5.328881409053448
P35_T1_MASK_lesion24.nii.gz,8,181.5,1452,4.323636286844925
P35_T1_MASK_lesion25.nii.gz,12,105.08333333333333,1261,3.539612227048661
P35_T1_MASK_lesion26.nii.gz,16,127.3125,2037,4.137020514606156
P35_T1_MASK_lesion27.nii.gz,13,124.15384615384616,1614,4.003500800998652
P35_T1_MASK_lesion28.nii.gz,8,188.5,1508,4.604766919892804
P35_T1_MASK_lesion29.nii.gz,11,44.81818181818182,493,2.7211903827797648
P35_T1_MASK_lesion3.nii.gz,4,65.75,263,3.850643084989378
P35_T1_MASK_lesion30.nii.gz,12,135.83333333333334,1630,4.214805982546355
P35_T1_MASK_lesion31.nii.gz,10,175.8,1758,4.502330529005539
P35_T1_MASK_lesion32.nii.gz,10,36.9,369,2.5982905232702267
P35_T1_MASK_lesion33.nii.gz,9,59.44444444444444,535,3.1069600595793436
P35_T1_MASK_lesion34.nii.gz,7,157.0,1099,4.424283389192097
P35_T1_MASK_lesion35.nii.gz,6,54.5,327,3.009648598793831
P35_T1_MASK_lesion36.nii.gz,14,127.28571428571429,1782,4.129466251370023
P35_T1_MASK_lesion37.nii.gz,15,98.73333333333333,1481,3.561357057366458
P35_T1_MASK_lesion38.nii.gz,14,64.78571428571429,907,3.160193522762991
P35_T1_MASK_lesion39.nii.gz,7,207.14285714285714,1450,4.760985683359552
P35_T1_MASK_lesion4.nii.gz,4,65.75,263,3.850643084989378
P35_T1_MASK_lesion40.nii.gz,14,141.64285714285714,1983,4.05570159318641
P35_T1_MASK_lesion41.nii.gz,2,56.0,112,2.6549038662882882
P35_T1_MASK_lesion42.nii.gz,13,111.92307692307692,1455,3.710165214097588
P35_T1_MASK_lesion43.nii.gz,8,102.875,823,4.0625160127121624
P35_T1_MASK_lesion44.nii.gz,16,117.8125,1885,3.9798986472755353
P35_T1_MASK_lesion45.nii.gz,3,76.0,228,3.7387186489139435
P35_T1_MASK_lesion46.nii.gz,7,126.71428571428571,887,3.948085727265176
P35_T1_MASK_lesion47.nii.gz,7,207.14285714285714,1450,4.760985683359552
P35_T1_MASK_lesion48.nii.gz,10,59.5,595,3.0313109846495747
P35_T1_MASK_lesion49.nii.gz,4,115.0,460,4.520795757281419
P35_T1_MASK_lesion5.nii.gz,4,64.5,258,3.7130127103173485
P35_T1_MASK_lesion50.nii.gz,7,57.714285714285715,404,2.891575328428439
P35_T1_MASK_lesion51.nii.gz,7,53.57142857142857,375,2.609987704495056
P35_T1_MASK_lesion52.nii.gz,6,67.33333333333333,404,3.680626416117289
P35_T1_MASK_lesion53.nii.gz,10,67.5,675,3.441065877946868
P35_T1_MASK_lesion54.nii.gz,11,73.18181818181819,805,3.4685113515176753
P35_T1_MASK_lesion55.nii.gz,8,55.375,443,3.2879768237443048
P35_T1_MASK_lesion56.nii.gz,7,72.0,504,2.9235748850723353
P35_T1_MASK_lesion57.nii.gz,8,68.75,550,2.986666750236216
P35_T1_MASK_lesion58.nii.gz,13,68.6923076923077,893,3.4869108069642376
P35_T1_MASK_lesion59.nii.gz,9,71.11111111111111,640,3.66421637594762
P35_T1_MASK_lesion6.nii.gz,5,64.4,322,3.542302244501662
P35_T1_MASK_lesion60.nii.gz,9,71.11111111111111,640,3.66421637594762
P35_T1_MASK_lesion61.nii.gz,8,109.5,876,3.9466026388033817
P35_T1_MASK_lesion62.nii.gz,10,67.5,675,3.542743712631176
P35_T1_MASK_lesion64.nii.gz,17,59.05882352941177,1004,3.231332235427955
P35_T1_MASK_lesion65.nii.gz,7,118.14285714285714,827,4.391465979372662
P35_T1_MASK_lesion66.nii.gz,16,59.625,954,3.2710744019891522
P35_T1_MASK_lesion67.nii.gz,17,59.529411764705884,1012,3.196492439806489
P35_T1_MASK_lesion68.nii.gz,8,110.875,887,4.068955146753406
P35_T1_MASK_lesion69.nii.gz,5,111.0,555,4.666646320994738
P35_T1_MASK_lesion7.nii.gz,6,46.833333333333336,281,3.214317275298216
P35_T1_MASK_lesion70.nii.gz,7,36.0,252,2.724345963091477
P35_T1_MASK_lesion71.nii.gz,19,55.578947368421055,1056,3.080353090514784
P35_T1_MASK_lesion72.nii.gz,6,118.66666666666667,712,4.741934664467304
P35_T1_MASK_lesion73.nii.gz,6,55.5,333,3.1720469135320486
P35_T1_MASK_lesion74.nii.gz,10,54.3,543,3.4160862488885764
P35_T1_MASK_lesion75.nii.gz,8,123.0,984,4.482329779679846
P35_T1_MASK_lesion76.nii.gz,18,41.888888888888886,754,2.718672112282695
P35_T1_MASK_lesion77.nii.gz,12,48.75,585,3.186014228815584
P35_T1_MASK_lesion78.nii.gz,7,110.57142857142857,774,4.711464070004783
P35_T1_MASK_lesion79.nii.gz,9,55.666666666666664,501,3.0529864479383892
P35_T1_MASK_lesion8.nii.gz,7,102.14285714285714,715,3.623547725865607
P35_T1_MASK_lesion80.nii.gz,7,48.714285714285715,341,2.9714354905940943
P35_T1_MASK_lesion81.nii.gz,15,47.4,711,2.8047835029020822
P35_T1_MASK_lesion82.nii.gz,8,61.0,488,3.2042826687084274
P35_T1_MASK_lesion83.nii.gz,12,46.0,552,2.938160133597435
P35_T1_MASK_lesion84.nii.gz,8,105.625,845,4.493596681468532
P35_T1_MASK_lesion85.nii.gz,19,41.36842105263158,786,2.6507211496691854
P35_T1_MASK_lesion86.nii.gz,10,40.4,404,2.7374908872209933
P35_T1_MASK_lesion87.nii.gz,4,94.5,378,4.036034862880976
P35_T1_MASK_lesion88.nii.gz,12,44.25,531,2.757046613600403
P35_T1_MASK_lesion89.nii.gz,5,70.6,353,4.305298331134777
P35_T1_MASK_lesion9.nii.gz,7,41.857142857142854,293,2.567062439347958
P35_T1_MASK_lesion90.nii.gz,6,68.16666666666667,409,3.158723635322922
P35_T1_MASK_lesion91.nii.gz,8,56.75,454,2.882492746056727
P35_T1_MASK_lesion92.nii.gz,9,27.666666666666668,249,2.353400261612295
P35_T1_MASK_lesion93.nii.gz,3,85.33333333333333,256,4.699266576582908
P35_T1_MASK_lesion94.nii.gz,3,93.33333333333333,280,5.065881286897704
P35_T1_MASK_lesion95.nii.gz,6,81.5,489,3.6150276522234726
P35_T1_MASK_lesion96.nii.gz,8,30.125,241,2.4653129480304665
P35_T1_MASK_lesion97.nii.gz,8,30.125,241,2.4653129480304665
P35_T1_MASK_lesion98.nii.gz,12,38.25,459,2.4885672453902328
P35_T1_MASK_lesion99.nii.gz,4,51.0,204,3.745961696393156
P36_T1_MASK_lesion1.nii.gz,6,77.5,465,3.385841334457833
P36_T1_MASK_lesion10.nii.gz,8,155.875,1247,4.367763038892406
P36_T1_MASK_lesion11.nii.gz,12,152.75,1833,4.77262680292678
P36_T1_MASK_lesion12.nii.gz,9,180.0,1620,4.823718785437297
P36_T1_MASK_lesion13.nii.gz,8,151.375,1211,4.594004482514267
P36_T1_MASK_lesion14.nii.gz,10,153.5,1535,4.969515296543768
P36_T1_MASK_lesion15.nii.gz,8,151.375,1211,4.594004482514267
P36_T1_MASK_lesion16.nii.gz,8,215.875,1727,5.912792590433255
P36_T1_MASK_lesion18.nii.gz,9,161.0,1449,5.765121378981813
P36_T1_MASK_lesion19.nii.gz,6,62.5,375,2.8998961256945592
P36_T1_MASK_lesion2.nii.gz,6,80.16666666666667,481,3.3805172313053915
P36_T1_MASK_lesion20.nii.gz,8,179.375,1435,4.331380349841346
P36_T1_MASK_lesion21.nii.gz,7,192.71428571428572,1349,5.730543666633905
P36_T1_MASK_lesion22.nii.gz,10,160.4,1604,5.192425055039875
P36_T1_MASK_lesion23.nii.gz,2,36.5,73,2.544293401249428
P36_T1_MASK_lesion24.nii.gz,9,161.0,1449,5.765121378981812
P36_T1_MASK_lesion25.nii.gz,9,253.11111111111111,2278,6.794100981884463
P36_T1_MASK_lesion26.nii.gz,9,137.77777777777777,1240,5.142919802127413
P36_T1_MASK_lesion27.nii.gz,9,153.33333333333334,1380,3.915960203942751
P36_T1_MASK_lesion28.nii.gz,8,57.25,458,2.841155020720292
P36_T1_MASK_lesion29.nii.gz,5,404.4,2022,6.336755460967552
P36_T1_MASK_lesion3.nii.gz,5,82.0,410,3.8346300988639825
P36_T1_MASK_lesion30.nii.gz,7,303.0,2121,5.360790187930079
P36_T1_MASK_lesion31.nii.gz,5,69.8,349,4.097335383418928
P36_T1_MASK_lesion32.nii.gz,7,58.857142857142854,412,2.7722850066326066
P36_T1_MASK_lesion33.nii.gz,6,70.0,420,4.101766729305109
P36_T1_MASK_lesion34.nii.gz,7,143.85714285714286,1007,4.664821168394558
P36_T1_MASK_lesion35.nii.gz,7,62.42857142857143,437,3.767340046078257
P36_T1_MASK_lesion36.nii.gz,6,70.0,420,4.101766729305109
P36_T1_MASK_lesion37.nii.gz,7,129.57142857142858,907,5.121022967282796
P36_T1_MASK_lesion38.nii.gz,6,70.0,420,4.101766729305108
P36_T1_MASK_lesion39.nii.gz,8,105.75,846,5.159962220991448
P36_T1_MASK_lesion4.nii.gz,2,53.5,107,3.071169585203096
P36_T1_MASK_lesion40.nii.gz,5,34.8,174,3.2244038908209447
P36_T1_MASK_lesion41.nii.gz,6,108.0,648,5.016083349942462
P36_T1_MASK_lesion42.nii.gz,5,114.4,572,5.285499908266941
P36_T1_MASK_lesion43.nii.gz,5,114.4,572,5.285499908266941
P36_T1_MASK_lesion44.nii.gz,5,114.4,572,5.285499908266941
P36_T1_MASK_lesion45.nii.gz,14,106.71428571428571,1494,4.29891353774979
P36_T1_MASK_lesion46.nii.gz,8,88.75,710,4.2016367123484475
P36_T1_MASK_lesion47.nii.gz,11,80.18181818181819,882,3.8083963909729195
P36_T1_MASK_lesion48.nii.gz,5,155.4,777,4.472244741204757
P36_T1_MASK_lesion49.nii.gz,12,107.91666666666667,1295,4.410050150877972
P36_T1_MASK_lesion5.nii.gz,6,71.83333333333333,431,3.5139759180650465
P36_T1_MASK_lesion50.nii.gz,12,79.08333333333333,949,3.984689907647757
P36_T1_MASK_lesion51.nii.gz,10,120.1,1201,4.2298941330530955
P36_T1_MASK_lesion52.nii.gz,12,106.91666666666667,1283,3.9548291317366933
P36_T1_MASK_lesion53.nii.gz,16,109.375,1750,4.228800856464985
P36_T1_MASK_lesion54.nii.gz,11,85.0,935,3.7878404179770855
P36_T1_MASK_lesion55.nii.gz,8,87.625,701,3.8935648929670683
P36_T1_MASK_lesion56.nii.gz,9,74.77777777777777,673,3.825935993277373
P36_T1_MASK_lesion57.nii.gz,10,112.8,1128,4.246453327821626
P36_T1_MASK_lesion58.nii.gz,16,109.6875,1755,4.241389207496952
P36_T1_MASK_lesion59.nii.gz,10,76.6,766,3.510295607756099
P36_T1_MASK_lesion6.nii.gz,8,80.875,647,3.48623533462434
P36_T1_MASK_lesion60.nii.gz,12,107.91666666666667,1295,4.1716820433783806
P36_T1_MASK_lesion61.nii.gz,13,112.23076923076923,1459,4.297501854386045
P36_T1_MASK_lesion62.nii.gz,6,50.166666666666664,301,3.3450510676536527
P36_T1_MASK_lesion63.nii.gz,11,124.81818181818181,1373,4.571758684830863
P36_T1_MASK_lesion64.nii.gz,7,139.42857142857142,976,4.598044978020051
P36_T1_MASK_lesion65.nii.gz,16,109.3125,1749,4.292151156361731
P36_T1_MASK_lesion66.nii.gz,14,98.64285714285714,1381,4.077391976836706
P36_T1_MASK_lesion67.nii.gz,16,95.625,1530,4.07269613066275
P36_T1_MASK_lesion68.nii.gz,14,70.78571428571429,991,3.5425077033399046
P36_T1_MASK_lesion69.nii.gz,12,108.33333333333333,1300,4.0255552656570375
P36_T1_MASK_lesion7.nii.gz,6,71.83333333333333,431,3.5139759180650465
P36_T1_MASK_lesion70.nii.gz,14,115.14285714285714,1612,4.380149961750869
P36_T1_MASK_lesion71.nii.gz,13,109.61538461538461,1425,4.035561499328001
P36_T1_MASK_lesion72.nii.gz,7,64.28571428571429,450,3.398219696767751
P36_T1_MASK_lesion73.nii.gz,1,36.0,36,2.392439222237165
P36_T1_MASK_lesion74.nii.gz,10,90.3,903,3.8371702801007954
P36_T1_MASK_lesion75.nii.gz,5,85.8,429,3.2236616776405804
P36_T1_MASK_lesion76.nii.gz,7,115.57142857142857,809,4.323487061510092
P36_T1_MASK_lesion77.nii.gz,3,90.66666666666667,272,3.527960814727779
P36_T1_MASK_lesion78.nii.gz,5,108.6,543,4.296756612298014
P36_T1_MASK_lesion79.nii.gz,1,70.0,70,4.2744136726454025
P36_T1_MASK_lesion8.nii.gz,8,79.875,639,3.836462199416619
P36_T1_MASK_lesion9.nii.gz,8,158.0,1264,4.4697650617745595
P37_T1_MASK_lesion1.nii.gz,3,147.33333333333334,442,4.383085489329884
P37_T1_MASK_lesion10.nii.gz,1,37.0,37,3.4563964480562515
P37_T1_MASK_lesion11.nii.gz,2,44.5,89,2.6870692577368986
P37_T1_MASK_lesion12.nii.gz,2,44.5,89,2.6870692577368986
P37_T1_MASK_lesion13.nii.gz,3,15.666666666666666,47,1.8883923338225894
P37_T1_MASK_lesion14.nii.gz,2,134.5,269,4.24102297632011
P37_T1_MASK_lesion15.nii.gz,3,15.666666666666666,47,1.888392333822589
P37_T1_MASK_lesion16.nii.gz,3,15.666666666666666,47,1.8883923338225894
P37_T1_MASK_lesion2.nii.gz,2,45.0,90,2.463606808431398
P37_T1_MASK_lesion3.nii.gz,2,45.0,90,2.4636068084314
P37_T1_MASK_lesion4.nii.gz,3,147.33333333333334,442,4.383085489329884
P37_T1_MASK_lesion5.nii.gz,4,146.75,587,4.688755111431322
P37_T1_MASK_lesion6.nii.gz,1,203.0,203,6.593284604673945
P37_T1_MASK_lesion7.nii.gz,1,56.0,56,2.946536794549266
P37_T1_MASK_lesion8.nii.gz,3,109.66666666666667,329,4.562482101598586
P37_T1_MASK_lesion9.nii.gz,1,135.0,135,10.894493392653871
P38_T1_MASK_lesion1.nii.gz,6,61.5,369,3.200225144692135
P38_T1_MASK_lesion10.nii.gz,11,54.36363636363637,598,3.191612377701928
P38_T1_MASK_lesion100.nii.gz,5,13.0,65,1.7334843190269857
P38_T1_MASK_lesion101.nii.gz,7,86.85714285714286,608,4.467720566579546
P38_T1_MASK_lesion102.nii.gz,7,86.85714285714286,608,4.467720566579546
P38_T1_MASK_lesion103.nii.gz,5,94.2,471,4.475963641990155
P38_T1_MASK_lesion104.nii.gz,7,107.57142857142857,753,4.572044915290465
P38_T1_MASK_lesion105.nii.gz,6,50.833333333333336,305,3.059628869167696
P38_T1_MASK_lesion106.nii.gz,6,50.833333333333336,305,3.059628869167696
P38_T1_MASK_lesion107.nii.gz,6,88.16666666666667,529,4.572644258984915
P38_T1_MASK_lesion108.nii.gz,5,52.8,264,3.013271042091528
P38_T1_MASK_lesion109.nii.gz,6,128.0,768,4.51225354240245
P38_T1_MASK_lesion11.nii.gz,10,53.6,536,3.2267774366194972
P38_T1_MASK_lesion110.nii.gz,5,137.8,689,5.289258830143858
P38_T1_MASK_lesion111.nii.gz,6,48.333333333333336,290,3.6861870059080784
P38_T1_MASK_lesion14.nii.gz,7,49.285714285714285,345,3.015374503512756
P38_T1_MASK_lesion15.nii.gz,6,49.666666666666664,298,2.939289150932615
P38_T1_MASK_lesion16.nii.gz,9,64.44444444444444,580,3.2682109609520147
P38_T1_MASK_lesion17.nii.gz,12,70.33333333333333,844,3.440582406993171
P38_T1_MASK_lesion18.nii.gz,3,43.333333333333336,130,3.763296590017706
P38_T1_MASK_lesion19.nii.gz,11,75.45454545454545,830,3.348877461414227
P38_T1_MASK_lesion2.nii.gz,6,56.0,336,3.3396510284107523
P38_T1_MASK_lesion20.nii.gz,5,11.2,56,1.781104573477514
P38_T1_MASK_lesion21.nii.gz,5,11.2,56,1.7811045734775135
P38_T1_MASK_lesion22.nii.gz,2,61.0,122,4.932335244339598
P38_T1_MASK_lesion23.nii.gz,14,53.214285714285715,745,3.075296388419638
P38_T1_MASK_lesion24.nii.gz,7,88.28571428571429,618,3.552571930761005
P38_T1_MASK_lesion25.nii.gz,5,11.2,56,1.781104573477514
P38_T1_MASK_lesion26.nii.gz,5,38.8,194,2.7278889028472935
P38_T1_MASK_lesion27.nii.gz,5,47.4,237,2.5636691068200537
P38_T1_MASK_lesion28.nii.gz,9,63.111111111111114,568,3.369767851251653
P38_T1_MASK_lesion29.nii.gz,13,76.3076923076923,992,3.350552730604956
P38_T1_MASK_lesion3.nii.gz,8,47.75,382,3.0058040441257976
P38_T1_MASK_lesion30.nii.gz,13,77.0,1001,3.3544604694741604
P38_T1_MASK_lesion31.nii.gz,6,63.5,381,3.098413183515978
P38_T1_MASK_lesion32.nii.gz,6,42.666666666666664,256,2.378440173262855
P38_T1_MASK_lesion33.nii.gz,7,20.571428571428573,144,2.143210130508936
P38_T1_MASK_lesion34.nii.gz,7,9.571428571428571,67,1.585416698701841
P38_T1_MASK_lesion35.nii.gz,5,45.2,226,3.0235136977467394
P38_T1_MASK_lesion36.nii.gz,13,60.38461538461539,785,3.1197211600909607
P38_T1_MASK_lesion37.nii.gz,6,63.5,381,3.123711703152644
P38_T1_MASK_lesion38.nii.gz,6,90.33333333333333,542,3.5163539204486285
P38_T1_MASK_lesion39.nii.gz,3,48.666666666666664,146,3.2781972090206235
P38_T1_MASK_lesion4.nii.gz,2,50.5,101,4.611092460904283
P38_T1_MASK_lesion40.nii.gz,11,74.9090909090909,824,3.0981152003579213
P38_T1_MASK_lesion41.nii.gz,4,11.25,45,1.853471767351405
P38_T1_MASK_lesion42.nii.gz,2,32.0,64,2.2033458427219945
P38_T1_MASK_lesion43.nii.gz,4,37.0,148,2.5836479067654676
P38_T1_MASK_lesion45.nii.gz,6,105.33333333333333,632,3.844058055558578
P38_T1_MASK_lesion46.nii.gz,2,10.0,20,1.8189667644459613
P38_T1_MASK_lesion47.nii.gz,7,49.0,343,2.818420900745327
P38_T1_MASK_lesion48.nii.gz,4,136.0,544,5.645199997193374
P38_T1_MASK_lesion49.nii.gz,3,14.0,42,1.0283051766626525
P38_T1_MASK_lesion5.nii.gz,5,46.6,233,3.062568749632695
P38_T1_MASK_lesion50.nii.gz,4,22.25,89,1.5903605485210695
P38_T1_MASK_lesion51.nii.gz,4,36.25,145,2.430533395576682
P38_T1_MASK_lesion52.nii.gz,6,32.833333333333336,197,2.7419009378831185
P38_T1_MASK_lesion53.nii.gz,8,39.5,316,3.218743079537565
P38_T1_MASK_lesion55.nii.gz,3,161.66666666666666,485,6.243397682452357
P38_T1_MASK_lesion56.nii.gz,7,98.42857142857143,689,4.943126873645473
P38_T1_MASK_lesion57.nii.gz,3,23.333333333333332,70,2.2643324074707585
P38_T1_MASK_lesion58.nii.gz,5,29.8,149,3.1614279434542008
P38_T1_MASK_lesion59.nii.gz,5,108.2,541,4.851290400839404
P38_T1_MASK_lesion6.nii.gz,9,54.22222222222222,488,3.0174457085089954
P38_T1_MASK_lesion60.nii.gz,10,60.4,604,3.7182240921202308
P38_T1_MASK_lesion61.nii.gz,5,29.8,149,3.161427943454201
P38_T1_MASK_lesion62.nii.gz,6,103.66666666666667,622,4.595925949050945
P38_T1_MASK_lesion63.nii.gz,3,33.666666666666664,101,2.858597044288638
P38_T1_MASK_lesion64.nii.gz,2,95.0,190,3.776411218314357
P38_T1_MASK_lesion65.nii.gz,6,103.66666666666667,622,4.595925949050944
P38_T1_MASK_lesion66.nii.gz,9,50.44444444444444,454,3.09689730341833
P38_T1_MASK_lesion67.nii.gz,7,86.71428571428571,607,4.253295063924364
P38_T1_MASK_lesion68.nii.gz,4,31.0,124,3.0791094859224546
P38_T1_MASK_lesion69.nii.gz,7,24.142857142857142,169,2.533401193791402
P38_T1_MASK_lesion7.nii.gz,3,59.0,177,4.13454043163819
P38_T1_MASK_lesion70.nii.gz,12,50.333333333333336,604,3.058806026511247
P38_T1_MASK_lesion71.nii.gz,9,59.22222222222222,533,3.107783785620113
P38_T1_MASK_lesion72.nii.gz,12,33.166666666666664,398,2.4274432902914964
P38_T1_MASK_lesion73.nii.gz,1,1.0,1,0.0
P38_T1_MASK_lesion74.nii.gz,1,41.0,41,2.6397861936388165
P38_T1_MASK_lesion75.nii.gz,13,26.0,338,2.261529300490117
P38_T1_MASK_lesion76.nii.gz,14,33.214285714285715,465,2.5536648432158886
P38_T1_MASK_lesion77.nii.gz,14,36.5,511,2.7315741288677615
P38_T1_MASK_lesion78.nii.gz,8,55.75,446,3.0911078189570427
P38_T1_MASK_lesion79.nii.gz,9,85.44444444444444,769,4.546113898811867
P38_T1_MASK_lesion8.nii.gz,5,46.6,233,3.062568749632695
P38_T1_MASK_lesion80.nii.gz,11,48.27272727272727,531,3.208071274072445
P38_T1_MASK_lesion81.nii.gz,10,76.9,769,4.280145860871561
P38_T1_MASK_lesion82.nii.gz,7,35.0,245,2.746441410970803
P38_T1_MASK_lesion83.nii.gz,7,54.857142857142854,384,3.3031195314671566
P38_T1_MASK_lesion84.nii.gz,10,37.9,379,2.6549166518100122
P38_T1_MASK_lesion85.nii.gz,11,33.81818181818182,372,2.5019671556883263
P38_T1_MASK_lesion86.nii.gz,9,33.0,297,2.6487570670978995
P38_T1_MASK_lesion87.nii.gz,11,37.27272727272727,410,2.57054487379445
P38_T1_MASK_lesion88.nii.gz,10,39.1,391,2.749708323681574
P38_T1_MASK_lesion89.nii.gz,13,33.61538461538461,437,2.568023189584964
P38_T1_MASK_lesion9.nii.gz,7,52.142857142857146,365,3.1607091097393814
P38_T1_MASK_lesion90.nii.gz,14,30.5,427,2.4941702505975627
P38_T1_MASK_lesion91.nii.gz,4,34.25,137,3.792151525385249
P38_T1_MASK_lesion92.nii.gz,12,35.333333333333336,424,2.6201105344773263
P38_T1_MASK_lesion93.nii.gz,10,30.8,308,2.571074635678782
P38_T1_MASK_lesion94.nii.gz,11,77.27272727272727,850,4.238562768745855
P38_T1_MASK_lesion95.nii.gz,4,34.25,137,3.7921515253852496
P38_T1_MASK_lesion96.nii.gz,6,40.166666666666664,241,2.8407732569050026
P38_T1_MASK_lesion97.nii.gz,5,43.6,218,3.4257503809128407
P38_T1_MASK_lesion98.nii.gz,5,54.6,273,2.8511757438260963
P38_T1_MASK_lesion99.nii.gz,7,86.85714285714286,608,4.467720566579546
P39_T1_MASK_lesion1.nii.gz,1,41.0,41,2.3838890136221305
P39_T1_MASK_lesion10.nii.gz,4,89.25,357,2.8908727897482107
P39_T1_MASK_lesion11.nii.gz,3,26.666666666666668,80,1.8712445031349363
P39_T1_MASK_lesion12.nii.gz,3,175.66666666666666,527,3.957407304254423
P39_T1_MASK_lesion13.nii.gz,1,51.0,51,2.9943558337145624
P39_T1_MASK_lesion14.nii.gz,1,64.0,64,3.597484472690605
P39_T1_MASK_lesion15.nii.gz,2,72.0,144,4.78397045738561
P39_T1_MASK_lesion16.nii.gz,2,72.0,144,4.783970457385609
P39_T1_MASK_lesion17.nii.gz,2,44.0,88,2.3312277033080484
P39_T1_MASK_lesion18.nii.gz,3,8.666666666666666,26,1.7557073895076654
P39_T1_MASK_lesion19.nii.gz,3,8.666666666666666,26,1.7557073895076651
P39_T1_MASK_lesion2.nii.gz,3,158.0,474,3.5683178515347262
P39_T1_MASK_lesion20.nii.gz,4,8.5,34,1.9572149650032233
P39_T1_MASK_lesion21.nii.gz,2,70.0,140,3.6149454437585593
P39_T1_MASK_lesion22.nii.gz,6,160.33333333333334,962,4.724289796538934
P39_T1_MASK_lesion23.nii.gz,3,86.66666666666667,260,4.131385934443924
P39_T1_MASK_lesion24.nii.gz,5,187.2,936,5.3875010295035555
P39_T1_MASK_lesion25.nii.gz,1,249.0,249,7.471186783741196
P39_T1_MASK_lesion26.nii.gz,7,190.57142857142858,1334,5.602417097226686
P39_T1_MASK_lesion27.nii.gz,6,160.33333333333334,962,4.724289796538936
P39_T1_MASK_lesion28.nii.gz,4,209.75,839,5.609028967729757
P39_T1_MASK_lesion29.nii.gz,6,143.83333333333334,863,4.833254952210221
P39_T1_MASK_lesion3.nii.gz,3,210.33333333333334,631,5.4180286944220155
P39_T1_MASK_lesion30.nii.gz,1,26.0,26,2.4258226201879225
P39_T1_MASK_lesion31.nii.gz,3,175.66666666666666,527,6.988075893872825
P39_T1_MASK_lesion32.nii.gz,2,226.5,453,8.561078654510506
P39_T1_MASK_lesion33.nii.gz,2,289.5,579,7.278209793586965
P39_T1_MASK_lesion34.nii.gz,2,289.5,579,7.2782097935869645
P39_T1_MASK_lesion35.nii.gz,1,25.0,25,2.0567936211491915
P39_T1_MASK_lesion5.nii.gz,1,88.0,88,4.00854588131964
P39_T1_MASK_lesion6.nii.gz,4,167.0,668,4.745982644762181
P39_T1_MASK_lesion7.nii.gz,1,142.0,142,4.202803685362297
P39_T1_MASK_lesion8.nii.gz,2,13.0,26,1.0870142593360947
P39_T1_MASK_lesion9.nii.gz,3,118.66666666666667,356,3.854497052997614
P3_T1_MASK_lesion1.nii.gz,2,36.5,73,2.311684185010882
P3_T1_MASK_lesion10.nii.gz,6,59.5,357,3.5980094375812084
P3_T1_MASK_lesion11.nii.gz,5,43.8,219,3.069429030687321
P3_T1_MASK_lesion12.nii.gz,8,59.75,478,3.554438749655246
P3_T1_MASK_lesion13.nii.gz,6,59.5,357,3.6551962886127938
P3_T1_MASK_lesion14.nii.gz,5,49.4,247,3.013454152770408
P3_T1_MASK_lesion15.nii.gz,7,50.714285714285715,355,3.253548678034624
P3_T1_MASK_lesion16.nii.gz,5,71.0,355,4.2862355463353525
P3_T1_MASK_lesion17.nii.gz,6,46.166666666666664,277,2.898111468341566
P3_T1_MASK_lesion18.nii.gz,6,59.5,357,3.6551962886127938
P3_T1_MASK_lesion19.nii.gz,7,50.714285714285715,355,3.253548678034624
P3_T1_MASK_lesion2.nii.gz,4,36.0,144,2.396141027541019
P3_T1_MASK_lesion20.nii.gz,5,59.0,295,3.6226387123516544
P3_T1_MASK_lesion21.nii.gz,5,49.4,247,3.0134541527704095
P3_T1_MASK_lesion22.nii.gz,1,73.0,73,2.93911444058871
P3_T1_MASK_lesion23.nii.gz,4,20.75,83,1.7166835518032002
P3_T1_MASK_lesion24.nii.gz,4,39.0,156,2.8412965182901067
P3_T1_MASK_lesion25.nii.gz,4,70.0,280,4.021258609521274
P3_T1_MASK_lesion26.nii.gz,1,149.0,149,6.438564640855591
P3_T1_MASK_lesion27.nii.gz,9,28.77777777777778,259,2.269867359301133
P3_T1_MASK_lesion28.nii.gz,7,35.142857142857146,246,2.90714010515483
P3_T1_MASK_lesion29.nii.gz,6,31.833333333333332,191,2.5999165997481466
P3_T1_MASK_lesion3.nii.gz,5,41.6,208,3.2918489000924467
P3_T1_MASK_lesion30.nii.gz,6,57.666666666666664,346,3.402390178884403
P3_T1_MASK_lesion31.nii.gz,9,45.22222222222222,407,2.9254730455821085
P3_T1_MASK_lesion32.nii.gz,8,26.75,214,2.22787746255937
P3_T1_MASK_lesion33.nii.gz,5,65.4,327,3.7855818616808916
P3_T1_MASK_lesion34.nii.gz,4,54.75,219,3.1012250821222413
P3_T1_MASK_lesion35.nii.gz,8,34.25,274,2.7221655710814345
P3_T1_MASK_lesion36.nii.gz,3,58.0,174,3.274590745824946
P3_T1_MASK_lesion37.nii.gz,9,27.22222222222222,245,2.3601012250102977
P3_T1_MASK_lesion38.nii.gz,4,29.5,118,2.603034623872763
P3_T1_MASK_lesion39.nii.gz,4,48.0,192,2.904706793296585
P3_T1_MASK_lesion4.nii.gz,5,38.0,190,2.8908646846132084
P3_T1_MASK_lesion40.nii.gz,4,29.5,118,2.603034623872763
P3_T1_MASK_lesion41.nii.gz,2,36.5,73,2.381908965231702
P3_T1_MASK_lesion42.nii.gz,1,138.0,138,4.49642790380763
P3_T1_MASK_lesion5.nii.gz,3,32.333333333333336,97,2.2445370823461768
P3_T1_MASK_lesion6.nii.gz,4,44.75,179,3.079446858275684
P3_T1_MASK_lesion7.nii.gz,3,32.333333333333336,97,2.2445370823461768
P3_T1_MASK_lesion9.nii.gz,4,48.75,195,3.223640556464866
P40_T1_MASK_lesion1.nii.gz,1,49.0,49,3.190599478348385
P40_T1_MASK_lesion10.nii.gz,3,288.6666666666667,866,6.327155028447411
P40_T1_MASK_lesion11.nii.gz,2,42.5,85,2.593523191612258
P40_T1_MASK_lesion12.nii.gz,4,55.0,220,2.9554889623452723
P40_T1_MASK_lesion13.nii.gz,2,33.5,67,2.4082621274891087
P40_T1_MASK_lesion14.nii.gz,4,73.75,295,3.401046820372522
P40_T1_MASK_lesion15.nii.gz,6,131.5,789,4.778590028835551
P40_T1_MASK_lesion16.nii.gz,3,644.0,1932,6.636406939882481
P40_T1_MASK_lesion17.nii.gz,3,155.33333333333334,466,4.579113466689754
P40_T1_MASK_lesion18.nii.gz,3,115.33333333333333,346,4.4508758940230795
P40_T1_MASK_lesion19.nii.gz,3,672.6666666666666,2018,7.21588328504662
P40_T1_MASK_lesion2.nii.gz,2,65.0,130,3.2382916200226504
P40_T1_MASK_lesion20.nii.gz,4,114.25,457,4.4693235678022605
P40_T1_MASK_lesion21.nii.gz,2,1042.0,2084,9.313569883631772
P40_T1_MASK_lesion22.nii.gz,2,900.0,1800,8.169036330321997
P40_T1_MASK_lesion23.nii.gz,2,85.0,170,3.3386016767935103
P40_T1_MASK_lesion3.nii.gz,1,173.0,173,5.3901664367913495
P40_T1_MASK_lesion4.nii.gz,1,586.0,586,8.4558862488845
P40_T1_MASK_lesion5.nii.gz,1,103.0,103,3.7887719778574627
P40_T1_MASK_lesion6.nii.gz,5,86.8,434,4.571203777016084
P40_T1_MASK_lesion7.nii.gz,4,69.0,276,4.13426625366812
P40_T1_MASK_lesion8.nii.gz,3,293.6666666666667,881,6.794150484011271
P40_T1_MASK_lesion9.nii.gz,3,58.333333333333336,175,4.1467639390356625
P41_T1_MASK_lesion1.nii.gz,1,125.0,125,5.937234373005667
P41_T1_MASK_lesion10.nii.gz,1,54.0,54,3.7479303845392513
P41_T1_MASK_lesion2.nii.gz,1,129.0,129,5.549927441840923
P41_T1_MASK_lesion3.nii.gz,1,74.0,74,4.707845122515131
P41_T1_MASK_lesion4.nii.gz,1,32.0,32,2.1700194411571525
P41_T1_MASK_lesion6.nii.gz,3,73.66666666666667,221,4.026051063540153
P41_T1_MASK_lesion7.nii.gz,1,62.0,62,3.753943469377223
P41_T1_MASK_lesion8.nii.gz,3,73.66666666666667,221,4.026051063540151
P41_T1_MASK_lesion9.nii.gz,3,73.66666666666667,221,4.026051063540153
P42_T1_MASK_lesion1.nii.gz,3,28.333333333333332,85,2.439333838029111
P42_T1_MASK_lesion10.nii.gz,2,42.5,85,3.8585331252772175
P42_T1_MASK_lesion11.nii.gz,2,118.5,237,3.5196361493240387
P42_T1_MASK_lesion12.nii.gz,3,89.0,267,4.067534852006106
P42_T1_MASK_lesion13.nii.gz,4,63.0,252,4.2113560187291625
P42_T1_MASK_lesion14.nii.gz,4,63.0,252,4.2113560187291625
P42_T1_MASK_lesion15.nii.gz,3,166.33333333333334,499,5.390400969949162
P42_T1_MASK_lesion16.nii.gz,2,18.0,36,3.278882817463513
P42_T1_MASK_lesion17.nii.gz,2,18.0,36,3.2788828174635123
P42_T1_MASK_lesion18.nii.gz,2,18.0,36,3.2788828174635123
P42_T1_MASK_lesion19.nii.gz,2,187.5,375,4.052422469907539
P42_T1_MASK_lesion2.nii.gz,3,28.333333333333332,85,2.4393338380291114
P42_T1_MASK_lesion20.nii.gz,3,244.33333333333334,733,5.528176981695171
P42_T1_MASK_lesion21.nii.gz,3,5.0,15,0.8023689270621827
P42_T1_MASK_lesion22.nii.gz,3,5.0,15,0.8023689270621821
P42_T1_MASK_lesion23.nii.gz,2,18.5,37,2.1471078221327975
P42_T1_MASK_lesion24.nii.gz,4,15.5,62,1.48299128777116
P42_T1_MASK_lesion25.nii.gz,7,51.857142857142854,363,2.6245498603862605
P42_T1_MASK_lesion26.nii.gz,3,21.333333333333332,64,2.0398605989700918
P42_T1_MASK_lesion27.nii.gz,9,55.77777777777778,502,2.896718792153795
P42_T1_MASK_lesion28.nii.gz,7,34.857142857142854,244,2.604250274260847
P42_T1_MASK_lesion29.nii.gz,4,27.25,109,2.0922014345522206
P42_T1_MASK_lesion30.nii.gz,9,57.44444444444444,517,3.0945654625602166
P42_T1_MASK_lesion31.nii.gz,9,57.44444444444444,517,3.094565462560216
P42_T1_MASK_lesion32.nii.gz,8,103.875,831,3.8214594157387944
P42_T1_MASK_lesion33.nii.gz,3,93.0,279,3.4728242665352163
P42_T1_MASK_lesion34.nii.gz,9,57.44444444444444,517,3.0945654625602166
P42_T1_MASK_lesion35.nii.gz,1,48.0,48,3.2197443178336727
P42_T1_MASK_lesion36.nii.gz,9,57.0,513,3.0192853168804237
P42_T1_MASK_lesion37.nii.gz,9,57.0,513,3.0192853168804237
P42_T1_MASK_lesion38.nii.gz,3,35.0,105,2.5538996523407786
P42_T1_MASK_lesion39.nii.gz,6,39.0,234,2.6336818441445966
P42_T1_MASK_lesion4.nii.gz,3,28.333333333333332,85,2.439333838029111
P42_T1_MASK_lesion40.nii.gz,3,35.0,105,2.5538996523407778
P42_T1_MASK_lesion41.nii.gz,3,35.0,105,2.5538996523407778
P42_T1_MASK_lesion42.nii.gz,1,341.0,341,13.37678261855221
P42_T1_MASK_lesion43.nii.gz,5,142.2,711,4.4054240777615465
P42_T1_MASK_lesion44.nii.gz,2,51.5,103,2.359670884967711
P42_T1_MASK_lesion5.nii.gz,2,49.5,99,4.2704642647867885
P42_T1_MASK_lesion6.nii.gz,1,35.0,35,2.8658438939498767
P42_T1_MASK_lesion7.nii.gz,3,45.666666666666664,137,3.8172166489490507
P42_T1_MASK_lesion8.nii.gz,4,63.0,252,4.2113560187291625
P42_T1_MASK_lesion9.nii.gz,4,63.0,252,4.211356018729163
P43_T1_MASK_lesion1.nii.gz,1,85.0,85,3.0949450917758243
P43_T1_MASK_lesion10.nii.gz,5,26.4,132,2.0008842511870157
P43_T1_MASK_lesion11.nii.gz,6,36.0,216,2.4274895698455974
P43_T1_MASK_lesion12.nii.gz,1,638.0,638,15.837887899409376
P43_T1_MASK_lesion13.nii.gz,6,36.0,216,2.427489569845598
P43_T1_MASK_lesion15.nii.gz,6,49.666666666666664,298,3.228098293081042
P43_T1_MASK_lesion16.nii.gz,2,41.0,82,2.774529016729499
P43_T1_MASK_lesion17.nii.gz,7,44.0,308,3.152655679783751
P43_T1_MASK_lesion18.nii.gz,3,59.333333333333336,178,3.5229440997851267
P43_T1_MASK_lesion19.nii.gz,1,638.0,638,15.837887899409372
P43_T1_MASK_lesion20.nii.gz,4,9.75,39,2.2421312658887462
P43_T1_MASK_lesion21.nii.gz,5,17.4,87,2.4295143176305003
P43_T1_MASK_lesion22.nii.gz,3,31.333333333333332,94,3.1570415934914386
P43_T1_MASK_lesion23.nii.gz,4,25.5,102,2.742781195118579
P43_T1_MASK_lesion24.nii.gz,8,29.25,234,2.613396722870305
P43_T1_MASK_lesion25.nii.gz,6,21.0,126,2.452243398616933
P43_T1_MASK_lesion27.nii.gz,6,232.5,1395,5.679308072051572
P43_T1_MASK_lesion28.nii.gz,4,78.25,313,4.1477373139400715
P43_T1_MASK_lesion29.nii.gz,7,57.42857142857143,402,3.237635323051669
P43_T1_MASK_lesion3.nii.gz,5,25.2,126,1.894422098509058
P43_T1_MASK_lesion30.nii.gz,6,72.83333333333333,437,3.7683989081691682
P43_T1_MASK_lesion31.nii.gz,5,276.0,1380,6.4120705809197265
P43_T1_MASK_lesion32.nii.gz,6,28.666666666666668,172,2.3329030711010037
P43_T1_MASK_lesion33.nii.gz,4,95.25,381,4.482836731104374
P43_T1_MASK_lesion34.nii.gz,3,61.333333333333336,184,3.7038485298412476
P43_T1_MASK_lesion35.nii.gz,3,37.0,111,2.6718519900345945
P43_T1_MASK_lesion36.nii.gz,3,37.0,111,2.6718519900345945
P43_T1_MASK_lesion37.nii.gz,3,37.0,111,2.6718519900345945
P43_T1_MASK_lesion38.nii.gz,3,37.0,111,2.6718519900345945
P43_T1_MASK_lesion39.nii.gz,2,87.0,174,4.764091893608845
P43_T1_MASK_lesion4.nii.gz,2,358.5,717,8.856981493194002
P43_T1_MASK_lesion40.nii.gz,2,87.0,174,4.764091893608845
P43_T1_MASK_lesion5.nii.gz,4,11.0,44,1.6923556298949856
P43_T1_MASK_lesion6.nii.gz,4,70.25,281,3.5078985997407117
P43_T1_MASK_lesion7.nii.gz,2,8.5,17,1.4085431464655171
P43_T1_MASK_lesion8.nii.gz,5,6.2,31,0.8904672453297812
P43_T1_MASK_lesion9.nii.gz,5,6.8,34,1.210623457201424
P44_T1_MASK_lesion1.nii.gz,1,208.0,208,5.1966439336437995
P44_T1_MASK_lesion10.nii.gz,1,288.0,288,10.39770090569201
P44_T1_MASK_lesion11.nii.gz,1,46.0,46,2.9885572572984485
P44_T1_MASK_lesion2.nii.gz,1,169.0,169,5.516855900795852
P44_T1_MASK_lesion3.nii.gz,1,253.0,253,5.691471778488178
P44_T1_MASK_lesion4.nii.gz,3,522.0,1566,6.190230427452408
P44_T1_MASK_lesion5.nii.gz,1,34.0,34,2.1243765623228668
P44_T1_MASK_lesion6.nii.gz,1,52.0,52,3.318965583488128
P44_T1_MASK_lesion7.nii.gz,4,423.25,1693,5.620717161219082
P44_T1_MASK_lesion8.nii.gz,3,547.0,1641,6.387967687129399
P44_T1_MASK_lesion9.nii.gz,3,547.0,1641,6.387967687129399
P45_T1_MASK_lesion1.nii.gz,1,184.0,184,5.511815479234283
P45_T1_MASK_lesion10.nii.gz,6,226.5,1359,4.779231121995199
P45_T1_MASK_lesion11.nii.gz,6,260.0,1560,4.872422139244821
P45_T1_MASK_lesion12.nii.gz,5,249.0,1245,4.989478516597076
P45_T1_MASK_lesion13.nii.gz,6,356.1666666666667,2137,6.0256648020803025
P45_T1_MASK_lesion15.nii.gz,2,972.0,1944,9.368317897341063
P45_T1_MASK_lesion2.nii.gz,2,254.5,509,5.723798328709176
P45_T1_MASK_lesion3.nii.gz,2,254.5,509,5.723798328709177
P45_T1_MASK_lesion4.nii.gz,1,1720.0,1720,10.683604308826798
P45_T1_MASK_lesion5.nii.gz,3,397.6666666666667,1193,6.460417285415814
P45_T1_MASK_lesion6.nii.gz,2,439.0,878,7.5470558018819505
P45_T1_MASK_lesion7.nii.gz,2,377.5,755,7.302723692389083
P45_T1_MASK_lesion8.nii.gz,5,239.8,1199,4.638277313343546
P45_T1_MASK_lesion9.nii.gz,6,226.5,1359,4.779231121995198
P46_T1_MASK_lesion1.nii.gz,2,60.5,121,2.8085534768288656
P46_T1_MASK_lesion10.nii.gz,7,178.28571428571428,1248,5.256862869824491
P46_T1_MASK_lesion11.nii.gz,4,81.75,327,3.3470693295143286
P46_T1_MASK_lesion12.nii.gz,5,79.6,398,3.389284154552938
P46_T1_MASK_lesion13.nii.gz,3,89.66666666666667,269,3.575314651762214
P46_T1_MASK_lesion14.nii.gz,4,139.0,556,5.672147081867537
P46_T1_MASK_lesion15.nii.gz,1,84.0,84,9.608817048906962
P46_T1_MASK_lesion16.nii.gz,4,29.75,119,2.209189575912219
P46_T1_MASK_lesion17.nii.gz,4,29.75,119,2.2091895759122187
P46_T1_MASK_lesion18.nii.gz,4,29.75,119,2.2091895759122187
P46_T1_MASK_lesion19.nii.gz,4,29.75,119,2.2091895759122187
P46_T1_MASK_lesion2.nii.gz,2,60.5,121,2.808553476828866
P46_T1_MASK_lesion20.nii.gz,3,179.33333333333334,538,5.131225367192002
P46_T1_MASK_lesion21.nii.gz,1,339.0,339,10.97816928424845
P46_T1_MASK_lesion22.nii.gz,5,121.0,605,4.393422822353007
P46_T1_MASK_lesion23.nii.gz,3,186.0,558,6.19310926513036
P46_T1_MASK_lesion24.nii.gz,5,124.4,622,4.681158217209851
P46_T1_MASK_lesion26.nii.gz,2,70.5,141,3.8891861575298936
P46_T1_MASK_lesion27.nii.gz,1,29.0,29,2.735680478661891
P46_T1_MASK_lesion4.nii.gz,5,86.2,431,3.541772200199272
P46_T1_MASK_lesion5.nii.gz,5,225.0,1125,6.074466601022785
P46_T1_MASK_lesion6.nii.gz,2,31.5,63,2.6228763591489876
P46_T1_MASK_lesion7.nii.gz,6,106.16666666666667,637,3.8648420396641705
P46_T1_MASK_lesion8.nii.gz,5,471.6,2358,8.499615862047055
P46_T1_MASK_lesion9.nii.gz,6,170.5,1023,4.36852709727346
P47_T1_MASK_lesion1.nii.gz,2,24.0,48,2.0870504982916063
P47_T1_MASK_lesion10.nii.gz,9,55.44444444444444,499,3.701118615404352
P47_T1_MASK_lesion11.nii.gz,5,137.4,687,4.254570389047739
P47_T1_MASK_lesion12.nii.gz,5,46.4,232,3.3069976684532763
P47_T1_MASK_lesion13.nii.gz,8,50.5,404,3.404590775969565
P47_T1_MASK_lesion14.nii.gz,6,41.5,249,3.205744876871211
P47_T1_MASK_lesion15.nii.gz,2,95.5,191,5.338030734308571
P47_T1_MASK_lesion16.nii.gz,7,68.0,476,4.317646212097376
P47_T1_MASK_lesion17.nii.gz,6,68.5,411,4.422066980052438
P47_T1_MASK_lesion18.nii.gz,12,76.0,912,4.156005811333849
P47_T1_MASK_lesion19.nii.gz,3,56.333333333333336,169,3.5780437737910606
P47_T1_MASK_lesion2.nii.gz,3,60.333333333333336,181,3.7437629361999143
P47_T1_MASK_lesion20.nii.gz,7,63.857142857142854,447,4.030663065831659
P47_T1_MASK_lesion21.nii.gz,12,125.41666666666667,1505,4.4840767569626765
P47_T1_MASK_lesion22.nii.gz,2,57.0,114,3.9227550784878567
P47_T1_MASK_lesion23.nii.gz,6,199.83333333333334,1199,5.514392190502192
P47_T1_MASK_lesion24.nii.gz,10,102.4,1024,3.756914802556422
P47_T1_MASK_lesion25.nii.gz,6,199.83333333333334,1199,5.514392190502192
P47_T1_MASK_lesion26.nii.gz,4,138.75,555,5.150347079498715
P47_T1_MASK_lesion27.nii.gz,7,123.57142857142857,865,3.940818598700172
P47_T1_MASK_lesion28.nii.gz,7,94.71428571428571,663,4.174311743499605
P47_T1_MASK_lesion29.nii.gz,7,81.14285714285714,568,3.715470679633438
P47_T1_MASK_lesion3.nii.gz,6,123.33333333333333,740,3.801237251983249
P47_T1_MASK_lesion30.nii.gz,7,116.71428571428571,817,3.799155643642155
P47_T1_MASK_lesion31.nii.gz,1,76.0,76,3.4258316821877615
P47_T1_MASK_lesion32.nii.gz,1,13.0,13,1.4016051660222022
P47_T1_MASK_lesion33.nii.gz,3,93.0,279,4.832039291181076
P47_T1_MASK_lesion34.nii.gz,3,93.0,279,4.832039291181077
P47_T1_MASK_lesion35.nii.gz,2,52.5,105,3.447946768634803
P47_T1_MASK_lesion36.nii.gz,4,92.0,368,3.565033547484468
P47_T1_MASK_lesion37.nii.gz,1,15.0,15,1.6666666666666685
P47_T1_MASK_lesion4.nii.gz,3,64.33333333333333,193,3.9281820083214654
P47_T1_MASK_lesion41.nii.gz,4,29.75,119,2.3765150116729514
P47_T1_MASK_lesion42.nii.gz,5,76.4,382,3.356268932276483
P47_T1_MASK_lesion43.nii.gz,5,397.2,1986,6.738629988009643
P47_T1_MASK_lesion44.nii.gz,6,34.666666666666664,208,2.509536127468066
P47_T1_MASK_lesion45.nii.gz,7,73.57142857142857,515,3.284923189104724
P47_T1_MASK_lesion46.nii.gz,1,87.0,87,4.6755478595589235
P47_T1_MASK_lesion47.nii.gz,5,390.0,1950,6.870877442843353
P47_T1_MASK_lesion48.nii.gz,4,69.25,277,2.9538036950888937
P47_T1_MASK_lesion49.nii.gz,5,71.2,356,3.088923621156995
P47_T1_MASK_lesion5.nii.gz,4,106.25,425,5.778258961902687
P47_T1_MASK_lesion50.nii.gz,1,40.0,40,2.619875951261817
P47_T1_MASK_lesion51.nii.gz,4,39.0,156,2.529412577837374
P47_T1_MASK_lesion52.nii.gz,4,69.25,277,2.953803695088894
P47_T1_MASK_lesion53.nii.gz,3,70.0,210,3.408871903117733
P47_T1_MASK_lesion54.nii.gz,3,32.666666666666664,98,2.3114929652236307
P47_T1_MASK_lesion55.nii.gz,3,60.0,180,3.3064421994617406
P47_T1_MASK_lesion56.nii.gz,2,16.5,33,1.571498377016732
P47_T1_MASK_lesion57.nii.gz,2,39.0,78,2.55358063148694
P47_T1_MASK_lesion58.nii.gz,4,80.25,321,3.2207003506553447
P47_T1_MASK_lesion59.nii.gz,2,107.0,214,2.816321692807018
P47_T1_MASK_lesion7.nii.gz,4,106.25,425,5.778258961902687
P47_T1_MASK_lesion8.nii.gz,5,145.0,725,4.2556053035932875
P47_T1_MASK_lesion9.nii.gz,4,40.0,160,2.4846666721304334
P48_T1_MASK_lesion1.nii.gz,1,20.0,20,2.3393375130579175
P48_T1_MASK_lesion10.nii.gz,4,64.25,257,4.604507146775044
P48_T1_MASK_lesion12.nii.gz,3,33.0,99,2.5950738334780685
P48_T1_MASK_lesion13.nii.gz,3,33.0,99,2.595073833478068
P48_T1_MASK_lesion14.nii.gz,2,23.0,46,2.309448063897067
P48_T1_MASK_lesion15.nii.gz,2,24.5,49,1.8334707062295652
P48_T1_MASK_lesion16.nii.gz,7,77.85714285714286,545,4.752801064041904
P48_T1_MASK_lesion17.nii.gz,4,136.25,545,6.429440705293037
P48_T1_MASK_lesion18.nii.gz,1,132.0,132,4.89124139909721
P48_T1_MASK_lesion2.nii.gz,1,31.0,31,2.383170266743726
P48_T1_MASK_lesion20.nii.gz,2,24.5,49,1.8334707062295634
P48_T1_MASK_lesion21.nii.gz,8,83.25,666,4.964499310485176
P48_T1_MASK_lesion22.nii.gz,4,136.25,545,6.429440705293037
P48_T1_MASK_lesion23.nii.gz,8,74.0,592,4.442800453027032
P48_T1_MASK_lesion24.nii.gz,6,101.66666666666667,610,5.186720920861153
P48_T1_MASK_lesion25.nii.gz,7,49.0,343,4.116132999556007
P48_T1_MASK_lesion26.nii.gz,8,74.0,592,4.442800453027032
P48_T1_MASK_lesion27.nii.gz,8,83.25,666,4.964499310485176
P48_T1_MASK_lesion28.nii.gz,3,42.666666666666664,128,2.999952560481263
P48_T1_MASK_lesion29.nii.gz,4,118.0,472,5.302207416159875
P48_T1_MASK_lesion3.nii.gz,1,106.0,106,9.676219689687192
P48_T1_MASK_lesion30.nii.gz,8,291.0,2328,6.832925990178228
P48_T1_MASK_lesion31.nii.gz,5,435.0,2175,7.588856726410174
P48_T1_MASK_lesion32.nii.gz,3,42.666666666666664,128,2.999952560481262
P48_T1_MASK_lesion33.nii.gz,9,50.0,450,3.0097845771326415
P48_T1_MASK_lesion34.nii.gz,4,118.0,472,5.302207416159875
P48_T1_MASK_lesion35.nii.gz,3,42.666666666666664,128,2.9999525604812622
P48_T1_MASK_lesion36.nii.gz,4,118.0,472,5.302207416159875
P48_T1_MASK_lesion37.nii.gz,5,101.2,506,4.832759466227025
P48_T1_MASK_lesion38.nii.gz,5,85.4,427,3.5747238701713853
P48_T1_MASK_lesion39.nii.gz,4,54.25,217,3.1342703247800783
P48_T1_MASK_lesion4.nii.gz,4,168.75,675,5.0698867781781765
P48_T1_MASK_lesion40.nii.gz,3,75.66666666666667,227,3.857377247422773
P48_T1_MASK_lesion41.nii.gz,3,76.33333333333333,229,3.2047989641535994
P48_T1_MASK_lesion42.nii.gz,2,52.5,105,3.3191591312656223
P48_T1_MASK_lesion43.nii.gz,1,30.0,30,2.428991560298223
P48_T1_MASK_lesion5.nii.gz,5,156.0,780,5.924091509061417
P48_T1_MASK_lesion6.nii.gz,5,234.4,1172,6.9254713542754605
P48_T1_MASK_lesion7.nii.gz,1,88.0,88,5.72953824239566
P48_T1_MASK_lesion8.nii.gz,2,243.5,487,5.445761044526549
P48_T1_MASK_lesion9.nii.gz,5,156.0,780,5.924091509061418
P49_T1_MASK_lesion1.nii.gz,2,414.0,828,8.091945146510938
P49_T1_MASK_lesion10.nii.gz,3,79.0,237,3.048395730237747
P49_T1_MASK_lesion11.nii.gz,4,67.25,269,2.88597933087817
P49_T1_MASK_lesion12.nii.gz,1,300.0,300,8.65636631490245
P49_T1_MASK_lesion13.nii.gz,1,300.0,300,8.656366314902447
P49_T1_MASK_lesion15.nii.gz,2,135.5,271,7.635817646893201
P49_T1_MASK_lesion16.nii.gz,2,135.5,271,7.6358176468932
P49_T1_MASK_lesion17.nii.gz,1,168.0,168,5.408811677639768
P49_T1_MASK_lesion19.nii.gz,4,50.5,202,3.8840115768719716
P49_T1_MASK_lesion2.nii.gz,1,71.0,71,3.7508975319487905
P49_T1_MASK_lesion20.nii.gz,1,66.0,66,3.520535323264173
P49_T1_MASK_lesion21.nii.gz,4,50.5,202,3.884011576871971
P49_T1_MASK_lesion22.nii.gz,1,351.0,351,15.332324609159365
P49_T1_MASK_lesion23.nii.gz,4,50.5,202,3.8840115768719707
P49_T1_MASK_lesion24.nii.gz,1,98.0,98,4.090729658368933
P49_T1_MASK_lesion25.nii.gz,4,50.5,202,3.8840115768719707
P49_T1_MASK_lesion26.nii.gz,1,56.0,56,4.4402567608237264
P49_T1_MASK_lesion27.nii.gz,3,113.0,339,4.015520950031209
P49_T1_MASK_lesion28.nii.gz,3,113.0,339,4.015520950031211
P49_T1_MASK_lesion29.nii.gz,3,113.0,339,4.015520950031211
P49_T1_MASK_lesion3.nii.gz,2,71.5,143,3.545843450690197
P49_T1_MASK_lesion30.nii.gz,1,47.0,47,2.9851753832579773
P49_T1_MASK_lesion4.nii.gz,3,291.6666666666667,875,6.275833987678858
P49_T1_MASK_lesion5.nii.gz,1,69.0,69,3.394430616502559
P49_T1_MASK_lesion7.nii.gz,1,545.0,545,8.253217332063615
P49_T1_MASK_lesion8.nii.gz,2,21.5,43,2.1353314428530803
P49_T1_MASK_lesion9.nii.gz,3,79.0,237,3.0483957302377473
P4_T1_MASK_lesion1.nii.gz,1,40.0,40,2.5583197610932076
P4_T1_MASK_lesion10.nii.gz,3,108.33333333333333,325,4.069939103622624
P4_T1_MASK_lesion13.nii.gz,2,77.5,155,4.481912983779516
P4_T1_MASK_lesion14.nii.gz,1,130.0,130,6.34943970877625
P4_T1_MASK_lesion15.nii.gz,2,175.5,351,6.6464693073758365
P4_T1_MASK_lesion16.nii.gz,3,130.33333333333334,391,5.553493113428513
P4_T1_MASK_lesion17.nii.gz,2,175.5,351,6.646469307375833
P4_T1_MASK_lesion18.nii.gz,3,298.0,894,9.264284285639118
P4_T1_MASK_lesion19.nii.gz,6,159.66666666666666,958,6.317537782032719
P4_T1_MASK_lesion20.nii.gz,2,175.5,351,6.6464693073758365
P4_T1_MASK_lesion21.nii.gz,1,97.0,97,6.059198870764037
P4_T1_MASK_lesion22.nii.gz,1,78.0,78,3.795239933633466
P4_T1_MASK_lesion3.nii.gz,1,3.0,3,1.0
P4_T1_MASK_lesion4.nii.gz,1,29.0,29,2.289665558763314
P4_T1_MASK_lesion6.nii.gz,2,44.5,89,3.4097219969093895
P4_T1_MASK_lesion7.nii.gz,3,98.0,294,4.347976147127082
P4_T1_MASK_lesion8.nii.gz,5,75.0,375,3.551425388268602
P4_T1_MASK_lesion9.nii.gz,3,111.0,333,4.772020934908295
P50_T1_MASK_lesion1.nii.gz,3,102.0,306,5.641000147935252
P50_T1_MASK_lesion10.nii.gz,9,133.44444444444446,1201,5.445896245479188
P50_T1_MASK_lesion11.nii.gz,9,147.11111111111111,1324,5.509006790438501
P50_T1_MASK_lesion12.nii.gz,8,112.125,897,5.236604199926663
P50_T1_MASK_lesion13.nii.gz,11,183.8181818181818,2022,4.677928672079335
P50_T1_MASK_lesion14.nii.gz,5,40.8,204,2.9064400916911106
P50_T1_MASK_lesion15.nii.gz,6,62.5,375,3.7315635689450897
P50_T1_MASK_lesion16.nii.gz,10,120.9,1209,5.043828549068662
P50_T1_MASK_lesion17.nii.gz,7,77.85714285714286,545,3.8301213106844636
P50_T1_MASK_lesion18.nii.gz,7,87.42857142857143,612,4.0118042895537425
P50_T1_MASK_lesion19.nii.gz,8,79.5,636,3.8930615256693963
P50_T1_MASK_lesion2.nii.gz,5,40.4,202,2.6914480618318812
P50_T1_MASK_lesion20.nii.gz,6,62.5,375,3.7315635689450892
P50_T1_MASK_lesion21.nii.gz,7,77.85714285714286,545,3.8301213106844627
P50_T1_MASK_lesion22.nii.gz,5,64.6,323,3.838049198105101
P50_T1_MASK_lesion23.nii.gz,3,20.666666666666668,62,2.1698652449839693
P50_T1_MASK_lesion26.nii.gz,7,213.0,1491,5.115276404839936
P50_T1_MASK_lesion27.nii.gz,7,212.14285714285714,1485,5.020391251283025
P50_T1_MASK_lesion28.nii.gz,4,195.25,781,7.479535163211564
P50_T1_MASK_lesion29.nii.gz,8,205.25,1642,5.133677397611674
P50_T1_MASK_lesion3.nii.gz,5,77.2,386,4.353513902555035
P50_T1_MASK_lesion31.nii.gz,3,82.0,246,3.4862118555861614
P50_T1_MASK_lesion32.nii.gz,5,47.4,237,2.675363437224534
P50_T1_MASK_lesion33.nii.gz,7,74.42857142857143,521,3.706673853860706
P50_T1_MASK_lesion34.nii.gz,8,59.375,475,3.7764248264229936
P50_T1_MASK_lesion35.nii.gz,7,57.857142857142854,405,3.342731397346051
P50_T1_MASK_lesion36.nii.gz,7,85.57142857142857,599,3.8383045513744536
P50_T1_MASK_lesion37.nii.gz,4,20.25,81,1.8059927037573567
P50_T1_MASK_lesion38.nii.gz,6,65.33333333333333,392,3.176441357641041
P50_T1_MASK_lesion39.nii.gz,6,91.0,546,4.550667477036907
P50_T1_MASK_lesion40.nii.gz,7,47.857142857142854,335,2.8711652199998845
P50_T1_MASK_lesion41.nii.gz,10,78.8,788,3.667060281764017
P50_T1_MASK_lesion42.nii.gz,8,59.875,479,3.0620277301703953
P50_T1_MASK_lesion43.nii.gz,5,59.2,296,3.4898009374031274
P50_T1_MASK_lesion44.nii.gz,6,91.83333333333333,551,4.605100652561537
P50_T1_MASK_lesion45.nii.gz,9,69.88888888888889,629,3.8907586157824077
P50_T1_MASK_lesion46.nii.gz,5,59.2,296,3.4898009374031274
P50_T1_MASK_lesion47.nii.gz,1,70.0,70,2.8291846377155596
P50_T1_MASK_lesion5.nii.gz,8,107.75,862,5.100285748143361
P50_T1_MASK_lesion6.nii.gz,3,223.66666666666666,671,6.761635179951941
P50_T1_MASK_lesion7.nii.gz,6,178.0,1068,6.531619355640288
P50_T1_MASK_lesion8.nii.gz,9,100.66666666666667,906,4.999179803005396
P50_T1_MASK_lesion9.nii.gz,7,74.0,518,3.8790451298865483
P51_T1_MASK_lesion1.nii.gz,1,68.0,68,3.6108556529876408
P51_T1_MASK_lesion10.nii.gz,7,60.42857142857143,423,3.832609176935001
P51_T1_MASK_lesion11.nii.gz,6,53.166666666666664,319,3.9397904517571862
P51_T1_MASK_lesion12.nii.gz,4,44.75,179,2.2862897450744524
P51_T1_MASK_lesion13.nii.gz,4,44.75,179,2.2862897450744524
P51_T1_MASK_lesion14.nii.gz,4,51.25,205,3.817753409311404
P51_T1_MASK_lesion16.nii.gz,3,71.66666666666667,215,4.419409417380951
P51_T1_MASK_lesion17.nii.gz,3,91.66666666666667,275,4.929623323214964
P51_T1_MASK_lesion18.nii.gz,3,91.66666666666667,275,4.929623323214966
P51_T1_MASK_lesion19.nii.gz,7,56.0,392,3.8406391456219544
P51_T1_MASK_lesion2.nii.gz,3,68.0,204,3.957606372000091
P51_T1_MASK_lesion20.nii.gz,1,27.0,27,4.213278376471294
P51_T1_MASK_lesion21.nii.gz,2,17.0,34,1.8223839350173956
P51_T1_MASK_lesion22.nii.gz,4,101.5,406,6.555037300229689
P51_T1_MASK_lesion23.nii.gz,2,82.5,165,6.893579874136973
P51_T1_MASK_lesion24.nii.gz,2,48.5,97,3.19488363179049
P51_T1_MASK_lesion26.nii.gz,5,85.2,426,4.694715032385763
P51_T1_MASK_lesion27.nii.gz,7,83.57142857142857,585,4.425255072274212
P51_T1_MASK_lesion28.nii.gz,5,97.4,487,4.432387895436109
P51_T1_MASK_lesion29.nii.gz,7,50.714285714285715,355,3.5127368646308965
P51_T1_MASK_lesion30.nii.gz,7,74.0,518,4.362045540389251
P51_T1_MASK_lesion31.nii.gz,7,62.0,434,4.042336259803075
P51_T1_MASK_lesion32.nii.gz,8,80.125,641,4.398056902975002
P51_T1_MASK_lesion33.nii.gz,1,2.0,2,0.5
P51_T1_MASK_lesion34.nii.gz,6,78.33333333333333,470,3.605854299137018
P51_T1_MASK_lesion35.nii.gz,8,56.875,455,3.7893016094755128
P51_T1_MASK_lesion36.nii.gz,4,96.5,386,4.496266108741178
P51_T1_MASK_lesion37.nii.gz,1,168.0,168,5.571520781695216
P51_T1_MASK_lesion38.nii.gz,5,85.2,426,4.694715032385763
P51_T1_MASK_lesion40.nii.gz,4,85.5,342,4.085452039505964
P51_T1_MASK_lesion41.nii.gz,1,347.0,347,8.571974293201619
P51_T1_MASK_lesion42.nii.gz,2,38.0,76,2.734123848686033
P51_T1_MASK_lesion43.nii.gz,1,39.0,39,2.929592378742892
P51_T1_MASK_lesion44.nii.gz,1,24.0,24,2.2538547227164223
P51_T1_MASK_lesion5.nii.gz,7,51.857142857142854,363,3.1300090218835765
P51_T1_MASK_lesion6.nii.gz,1,103.0,103,4.499526058765652
P51_T1_MASK_lesion7.nii.gz,6,65.33333333333333,392,4.030582728085036
P51_T1_MASK_lesion8.nii.gz,7,40.42857142857143,283,2.789381919814011
P51_T1_MASK_lesion9.nii.gz,8,68.25,546,4.15378160829985
P52_T1_MASK_lesion1.nii.gz,1,46.0,46,3.1338296808871235
P52_T1_MASK_lesion10.nii.gz,5,148.0,740,4.7250300289790905
P52_T1_MASK_lesion11.nii.gz,4,167.5,670,5.062999208259084
P52_T1_MASK_lesion12.nii.gz,5,148.0,740,4.72503002897909
P52_T1_MASK_lesion13.nii.gz,4,162.25,649,5.497238782052914
P52_T1_MASK_lesion14.nii.gz,3,162.0,486,5.639836681281781
P52_T1_MASK_lesion15.nii.gz,2,208.0,416,6.773178365993111
P52_T1_MASK_lesion16.nii.gz,2,124.0,248,5.69707247215665
P52_T1_MASK_lesion17.nii.gz,3,169.33333333333334,508,5.1839679934427325
P52_T1_MASK_lesion18.nii.gz,5,89.8,449,4.295754764182178
P52_T1_MASK_lesion19.nii.gz,4,112.0,448,5.369693455227722
P52_T1_MASK_lesion2.nii.gz,1,31.0,31,2.238161130155052
P52_T1_MASK_lesion20.nii.gz,2,232.0,464,5.0478981247571175
P52_T1_MASK_lesion21.nii.gz,4,98.75,395,4.687596435510387
P52_T1_MASK_lesion22.nii.gz,1,100.0,100,5.311647578670861
P52_T1_MASK_lesion23.nii.gz,3,117.0,351,4.431426003742527
P52_T1_MASK_lesion24.nii.gz,3,111.33333333333333,334,5.463948625330189
P52_T1_MASK_lesion25.nii.gz,4,35.5,142,2.2581734656955286
P52_T1_MASK_lesion26.nii.gz,4,72.75,291,4.155069828657479
P52_T1_MASK_lesion27.nii.gz,2,27.5,55,2.0174964655524223
P52_T1_MASK_lesion28.nii.gz,2,91.5,183,4.8309074428145955
P52_T1_MASK_lesion4.nii.gz,1,87.0,87,7.501389310700979
P52_T1_MASK_lesion5.nii.gz,5,140.4,702,4.534602965313431
P52_T1_MASK_lesion6.nii.gz,1,87.0,87,7.501389310700979
P52_T1_MASK_lesion7.nii.gz,1,87.0,87,7.501389310700979
P52_T1_MASK_lesion8.nii.gz,2,90.0,180,4.012760589164175
P52_T1_MASK_lesion9.nii.gz,3,143.0,429,7.239052858376051
P53_T1_MASK_lesion1.nii.gz,1,38.0,38,2.224423732526755
P53_T1_MASK_lesion10.nii.gz,2,206.0,412,7.231424964784103
P53_T1_MASK_lesion11.nii.gz,3,150.66666666666666,452,5.938766548635033
P53_T1_MASK_lesion13.nii.gz,1,21.0,21,2.2095443348800368
P53_T1_MASK_lesion14.nii.gz,1,40.0,40,3.353449716336896
P53_T1_MASK_lesion15.nii.gz,1,15.0,15,1.9877402021167418
P53_T1_MASK_lesion16.nii.gz,2,37.0,74,2.96509948517563
P53_T1_MASK_lesion17.nii.gz,2,57.0,114,3.575879561205732
P53_T1_MASK_lesion18.nii.gz,2,57.0,114,3.575879561205733
P53_T1_MASK_lesion19.nii.gz,2,37.0,74,2.9650994851756307
P53_T1_MASK_lesion2.nii.gz,2,174.0,348,8.362596250469862
P53_T1_MASK_lesion20.nii.gz,1,126.0,126,5.394081935737835
P53_T1_MASK_lesion21.nii.gz,1,1105.0,1105,15.493647708190007
P53_T1_MASK_lesion22.nii.gz,1,9.0,9,1.474055462380179
P53_T1_MASK_lesion3.nii.gz,2,76.5,153,4.630378409558387
P53_T1_MASK_lesion4.nii.gz,2,76.5,153,4.630378409558386
P53_T1_MASK_lesion5.nii.gz,1,52.0,52,4.05600584712999
P53_T1_MASK_lesion6.nii.gz,3,135.33333333333334,406,6.9465216978634
P53_T1_MASK_lesion7.nii.gz,3,135.33333333333334,406,6.946521697863399
P53_T1_MASK_lesion8.nii.gz,2,278.5,557,8.632656767534513
P53_T1_MASK_lesion9.nii.gz,1,138.0,138,5.206238078866297
P5_T1_MASK_lesion1.nii.gz,2,132.0,264,4.242693564670267
P5_T1_MASK_lesion10.nii.gz,3,100.0,300,5.264315195933337
P5_T1_MASK_lesion11.nii.gz,2,104.0,208,6.031708672933738
P5_T1_MASK_lesion12.nii.gz,3,48.0,144,4.290282125831766
P5_T1_MASK_lesion13.nii.gz,2,10.5,21,1.840997424881602
P5_T1_MASK_lesion14.nii.gz,1,1655.0,1655,13.69547251656261
P5_T1_MASK_lesion15.nii.gz,4,109.25,437,3.2081370385810986
P5_T1_MASK_lesion16.nii.gz,5,96.6,483,3.206379064616428
P5_T1_MASK_lesion17.nii.gz,4,109.25,437,3.208137038581099
P5_T1_MASK_lesion18.nii.gz,4,109.25,437,3.208137038581099
P5_T1_MASK_lesion19.nii.gz,3,188.66666666666666,566,5.7811645024109914
P5_T1_MASK_lesion2.nii.gz,4,38.5,154,3.245284081377209
P5_T1_MASK_lesion20.nii.gz,5,96.6,483,3.206379064616427
P5_T1_MASK_lesion21.nii.gz,5,96.6,483,3.2063790646164287
P5_T1_MASK_lesion22.nii.gz,4,189.25,757,6.233869402825568
P5_T1_MASK_lesion23.nii.gz,2,96.5,193,4.045992052034647
P5_T1_MASK_lesion24.nii.gz,2,25.0,50,1.9037586083592195
P5_T1_MASK_lesion3.nii.gz,5,65.2,326,2.774721474031915
P5_T1_MASK_lesion4.nii.gz,3,171.66666666666666,515,7.237088540847844
P5_T1_MASK_lesion5.nii.gz,3,171.66666666666666,515,7.237088540847844
P5_T1_MASK_lesion6.nii.gz,4,26.75,107,2.0352491542735116
P5_T1_MASK_lesion7.nii.gz,3,100.0,300,5.264315195933337
P5_T1_MASK_lesion8.nii.gz,5,39.8,199,2.374104971805317
P5_T1_MASK_lesion9.nii.gz,5,39.8,199,2.374104971805317
P6_T1_MASK_lesion1.nii.gz,1,63.0,63,3.272575525009838
P6_T1_MASK_lesion10.nii.gz,1,72.0,72,3.4686648443556978
P6_T1_MASK_lesion11.nii.gz,9,61.44444444444444,553,3.8970455636755617
P6_T1_MASK_lesion12.nii.gz,6,122.5,735,5.884045398417868
P6_T1_MASK_lesion13.nii.gz,5,39.4,197,2.6983265352180323
P6_T1_MASK_lesion14.nii.gz,8,54.5,436,3.078211983214688
P6_T1_MASK_lesion15.nii.gz,7,49.57142857142857,347,2.98290237046011
P6_T1_MASK_lesion16.nii.gz,4,96.5,386,4.174468880267229
P6_T1_MASK_lesion17.nii.gz,2,70.5,141,4.7168703517339665
P6_T1_MASK_lesion18.nii.gz,5,66.4,332,3.099357299588014
P6_T1_MASK_lesion19.nii.gz,5,66.4,332,3.0993572995880143
P6_T1_MASK_lesion2.nii.gz,3,53.0,159,2.737769964501297
P6_T1_MASK_lesion20.nii.gz,3,55.666666666666664,167,4.299067236012669
P6_T1_MASK_lesion21.nii.gz,2,70.5,141,4.716870351733967
P6_T1_MASK_lesion22.nii.gz,3,23.0,69,2.6866323589032426
P6_T1_MASK_lesion24.nii.gz,2,77.5,155,3.8570322605525273
P6_T1_MASK_lesion25.nii.gz,4,34.75,139,2.787592399634001
P6_T1_MASK_lesion26.nii.gz,4,31.75,127,2.2887031007465826
P6_T1_MASK_lesion27.nii.gz,3,23.0,69,2.6866323589032426
P6_T1_MASK_lesion28.nii.gz,3,52.0,156,2.5713548403683526
P6_T1_MASK_lesion29.nii.gz,4,39.25,157,1.5446419391863742
P6_T1_MASK_lesion3.nii.gz,4,75.75,303,4.894612672761358
P6_T1_MASK_lesion30.nii.gz,3,4.666666666666667,14,1.0272959095114829
P6_T1_MASK_lesion31.nii.gz,3,4.666666666666667,14,1.0272959095114829
P6_T1_MASK_lesion32.nii.gz,1,60.0,60,3.632148124732801
P6_T1_MASK_lesion33.nii.gz,4,74.0,296,4.306685546299734
P6_T1_MASK_lesion34.nii.gz,7,66.85714285714286,468,3.8634105637952763
P6_T1_MASK_lesion35.nii.gz,1,76.0,76,3.923524476963238
P6_T1_MASK_lesion36.nii.gz,2,159.0,318,8.203156808168224
P6_T1_MASK_lesion37.nii.gz,1,84.0,84,5.589143083529287
P6_T1_MASK_lesion4.nii.gz,3,50.0,150,2.6697554508173664
P6_T1_MASK_lesion5.nii.gz,5,117.8,589,5.333798621416851
P6_T1_MASK_lesion7.nii.gz,5,44.4,222,3.0073857170906506
P6_T1_MASK_lesion8.nii.gz,5,123.0,615,6.185695762337394
P6_T1_MASK_lesion9.nii.gz,7,52.285714285714285,366,3.096433451098552
P7_T1_MASK_lesion1.nii.gz,2,65.5,131,6.033580324920786
P7_T1_MASK_lesion10.nii.gz,3,153.0,459,4.63458807638883
P7_T1_MASK_lesion11.nii.gz,2,27.5,55,2.425634669384407
P7_T1_MASK_lesion12.nii.gz,2,27.5,55,2.425634669384407
P7_T1_MASK_lesion13.nii.gz,2,27.5,55,2.425634669384408
P7_T1_MASK_lesion14.nii.gz,2,37.0,74,2.736518228465632
P7_T1_MASK_lesion15.nii.gz,2,37.0,74,2.7365182284656324
P7_T1_MASK_lesion16.nii.gz,1,46.0,46,4.8402162928752235
P7_T1_MASK_lesion17.nii.gz,1,5.0,5,1.8547236990991394
P7_T1_MASK_lesion18.nii.gz,1,5.0,5,1.854723699099141
P7_T1_MASK_lesion19.nii.gz,2,48.0,96,2.9582857391317186
P7_T1_MASK_lesion20.nii.gz,2,48.0,96,2.9582857391317186
P7_T1_MASK_lesion21.nii.gz,2,56.5,113,4.059692824001747
P7_T1_MASK_lesion23.nii.gz,2,450.0,900,15.173666854202013
P7_T1_MASK_lesion24.nii.gz,2,65.5,131,3.7213044302941363
P7_T1_MASK_lesion3.nii.gz,3,62.666666666666664,188,4.751369899558657
P7_T1_MASK_lesion4.nii.gz,4,53.25,213,4.12254441904394
P7_T1_MASK_lesion5.nii.gz,1,405.0,405,7.569549696604042
P7_T1_MASK_lesion6.nii.gz,3,62.666666666666664,188,4.751369899558657
P7_T1_MASK_lesion7.nii.gz,4,127.5,510,4.7574639942936425
P7_T1_MASK_lesion8.nii.gz,1,235.0,235,6.200700905196804
P7_T1_MASK_lesion9.nii.gz,3,46.333333333333336,139,3.624765133604934
P8_T1_MASK_lesion1.nii.gz,1,445.0,445,7.307516196043285
P8_T1_MASK_lesion10.nii.gz,5,102.6,513,5.024138585655274
P8_T1_MASK_lesion11.nii.gz,7,90.57142857142857,634,4.467239915032114
P8_T1_MASK_lesion12.nii.gz,7,152.85714285714286,1070,5.493581475774099
P8_T1_MASK_lesion13.nii.gz,1,26.0,26,1.9888743805919855
P8_T1_MASK_lesion14.nii.gz,7,90.57142857142857,634,4.467239915032114
P8_T1_MASK_lesion15.nii.gz,7,90.57142857142857,634,4.467239915032115
P8_T1_MASK_lesion16.nii.gz,7,90.57142857142857,634,4.467239915032114
P8_T1_MASK_lesion17.nii.gz,5,102.6,513,4.844324527956909
P8_T1_MASK_lesion18.nii.gz,1,36.0,36,2.200939754393368
P8_T1_MASK_lesion2.nii.gz,4,67.25,269,4.887653953107163
P8_T1_MASK_lesion3.nii.gz,3,47.0,141,3.691176574061405
P8_T1_MASK_lesion4.nii.gz,2,96.0,192,6.142486321588197
P8_T1_MASK_lesion5.nii.gz,3,47.0,141,3.6911765740614038
P8_T1_MASK_lesion6.nii.gz,3,47.0,141,3.6911765740614038
P8_T1_MASK_lesion7.nii.gz,1,105.0,105,4.288612776468077
P8_T1_MASK_lesion8.nii.gz,4,161.75,647,4.453807382623673
P8_T1_MASK_lesion9.nii.gz,4,106.5,426,5.300954123750943
P9_T1_MASK_lesion1.nii.gz,2,490.0,980,9.58599163547493
P9_T1_MASK_lesion10.nii.gz,4,79.75,319,5.1908062798103405
P9_T1_MASK_lesion11.nii.gz,1,281.0,281,8.326723821873447
P9_T1_MASK_lesion12.nii.gz,5,78.2,391,4.82935182798536
P9_T1_MASK_lesion13.nii.gz,5,59.6,298,3.628557033024208
P9_T1_MASK_lesion14.nii.gz,3,92.33333333333333,277,4.9059588024041
P9_T1_MASK_lesion15.nii.gz,3,197.0,591,4.78560320082312
P9_T1_MASK_lesion16.nii.gz,1,38.0,38,2.311149658153331
P9_T1_MASK_lesion3.nii.gz,1,769.0,769,9.26359248208444
P9_T1_MASK_lesion4.nii.gz,2,625.5,1251,16.65964871652441
P9_T1_MASK_lesion5.nii.gz,1,44.0,44,2.564256855921514
P9_T1_MASK_lesion6.nii.gz,1,35.0,35,2.668791670324201
P9_T1_MASK_lesion7.nii.gz,3,63.333333333333336,190,4.713001579432572
P9_T1_MASK_lesion8.nii.gz,3,63.333333333333336,190,4.713001579432572
P9_T1_MASK_lesion9.nii.gz,3,63.333333333333336,190,4.713001579432572
